Japanese,Vietnamese
この本はとても厚い。,quyển sách này rất dày .
本当？,thật sao ?
彼はロンドンの貧しい地区に住んでいる。,anh ấy sống ở một khu nghèo của London .
何を専攻していますか。,chuyên ngành của bạn là gì ?
ええ、どうぞ来てね。,"vâng , xin mời tới đây ."
最近、太ってきました。,tôi gần đây đang lên cân .
彼は金持ちのように思える。,anh ta nhìn cũng giống như một người giàu .
その外国人はまるで母語のように日本語を話した。,người ngoại đó nói tiếng Nhật như là tiếng mẹ đẻ của mình .
トムはメアリーと一緒にいるところを見られたくなかった。,Tom không muốn ai thấy mình đi cùng với Mary .
彼の反抗的な態度に上司は腹を立てた。,thái độ thách đố của anh ta khiến thủ trưởng tức giận .
ええ、どうぞ来てね。,"vâng , xin mời tới đây ."
「アンドレア」と申します。,tên tôi là Andrea .
コーヒーか紅茶、どちらになさいますか。,bạn muốn dùng cà phê hay dùng trà ?
仕事に行きたくない。,mình không muốn đi làm .
子供の頃のことをよくおぼえている。,tôi nhớ rất rõ những ký ức về thời thơ ấu của mình .
彼は速く泳げる。,anh ta có thể bơi nhanh .
「おわったの。」「それどころかまだ始めていないよ。」," xong chưa vậy ?  "" tôi còn chưa bắt đầu nữa mà . """
仕事の話はなしにしよう。,chúng ta đừng nói về chuyện công việc .
髪型変えたら10歳は若く見えるよ。,bạn mà đổi kiểu tóc sẽ trông trẻ ra đến 10 tuổi .
私たちの先生は美人であったが、着飾るような人ではなかった。,cô giáo của chúng là một người đẹp nhưng lại không phải là típ người mặc đẹp .
彼は夕食後に授業の勉強をします。,anh ta học bài sau bữa tối .
何かお飲みになりますか？,bạn có muốn uống cái gì không ?
メアリーは昨日の夜遅くまで起きていた。,Mary hôm qua thức đêm .
これ誰の本？,sách của ai thế ?
白い服を着ている婦人は有名な女優です。,người phụ nữ mắc đồ trắng kia là một diễn viên nổi tiếng .
彼の髪形を見て思わず笑ってしまった。,tôi không thể nhịn cười khi nhìn thấy kiểu tóc của anh ta .
ここで予約をしてもらえますか。,tôi có thể đặt chỗ trước ở đây không ?
愛してる。,anh phải lòng em .
私は誰と話しているの？,tôi đang nói chuyện với ai đây ?
体重がずいぶん減ったのでズボンがとても緩い。,quần của tôi rộng vì tôi sụt nhiều ký .
月は自分では光らない。,mặt trăng không tự phát sáng .
たぶん彼にしてみれば同じことよ。,có lẽ cũng vậy cho anh ấy luôn .
すぐに戻ります。,tôi trở lại mau .
彼はうまく歌えません。,anh ta hát không hay .
私が金のネックレスを彼女の誕生日プレゼントに買ったことはエリザベスには言わないで下さい。,xin đừng tiết lộ với Elizabeth là tôi đã mua cho cô ấy sợi dây chuyền vàng tặng sinh nhật của cô ấy nhé .
彼女は日本語を勉強しようと日本に来た。,cô ấy đến Nhật để học Nhật ngữ .
哲学は難しいと見なされることが多い。,triết học thường được xem là khó .
私は招待書を受け取りました。,tôi đã nhận được giấy mời .
私はたいてい夕方シャワーを浴びます。,tôi thường tắm vào buổi tối .
それは私をぞっとさせた。,điều đó làm tôi thấy rợn người .
私はこれが好きです。,mình thích cái này .
パリで勉強したい。,tôi muốn đi du học ở Paris .
父はいつも冷静である。,cha tôi luôn luôn điềm tĩnh .
あなたのアドバイスにはいつも助けられています。,lời khuyên của bạn luôn luôn hữu ích đối với tôi .
貧しい人とはほんのわずかしか持っていない人ではなく欲のありすぎる人である。,người nghèo không phải là người có quá ít mà là người muốn quá nhiều .
悪天候のため、出発できなかった。,vì thời tiết xấu tôi đã không thể xuất phát .
私は私の愛の予言を告げる星座たちの光の数を数えた。,tôi đếm tia sáng những chòm sao như một lời tiên đoán cho tình yêu của mình .
私はあなたに本当の事を話そう。,tôi định sẽ nói với anh sự thật
彼の話はあまりにも馬鹿げていたので誰も信じなかった。,chuyện của nó tào lao đến nỗi chẳng ai tin được .
トムに話しておくべきだった。,bạn nên nói chuyện với Tom .
彼が部屋にはいるのを見た。,tôi nhìn thấy anh ấy đi vào trong phòng .
考えをもつことはいいことだ..そう思わない？,có lý tưởng là điều tốt ... bạn nghĩ sao ?
目に砂が入りました。,cát chui vào mắt tôi .
私はあなたを助けた。,tôi đã cứu được anh .
誰も来なかった。,không ai tới hết .
ありがとう、それだけだよ。,cám ơn . thôi nhé .
でもあなたは私に言ってくれなかったでしょ！,nhưng bạn chưa nói tôi về chuyện này mà !
私は山にいました。,tôi từ trên núi xuống .
どのカップがあなたのですか。,cái tách nào là của bạn ?
ファストフードはもう飽きた。,tôi ngán thức ăn nhanh quá rồi .
電車が停まるまで開けないで。,đừng mở trước khi xe lửa ngừng lại .
新聞によると彼が自殺したようだ。,theo báo chí thì anh ta đã tự sát .
私が知る限り、彼はいいやつだ。,như tôi đã biết thì anh ta thật sự là một chàng trai tốt bụng .
いつもあのお店は混んでいるけど、今日は席をリザーブしてあるから大丈夫。,cửa hàng đó lúc nào cũng đông nhưng tôi đã đặt chỗ trước nên không sao đâu .
私たちは物価を注目しなかった。,chúng tôi đã không quan tâm về vật giá .
あの日をよく覚える。,tôi nhớ rõ ngày đó .
彼は本当に頭のよい子だ。,thằng nhóc thực sự là một đứa trẻ thông minh .
あぁ私の白いズボンが！新しいのに。,kìa mấy cái quần trắng của mình ! vẫn còn mới !
私を見て。,nhìn tôi này .
トムはボストンへの切符2枚が必要です。,Tom cần 2 vé để đi Boston .
くじで誰が勝つか決めよう。,chúng ta hãy bỏ phiếu để quyết định người thắng cuộc .
私は海の近くに住んでいるのでよく海岸に行きます。,tôi ở gần biển cho nên có nhiều cơ hội đi ra biển chơi .
私は日曜日に教会に行く。,tôi đi lễ nhà thờ vào ngày Chủ Nhật .
明日までにパーティーの準備を終えなければなりません。,cho đến sáng mai phải chuẩn bị xong bữa tiệc .
私は動物園に行った。,tôi đã tới vườn thú .
あの歌が頭から離れないんだ。,tôi không bỏ bài hát đó ra khỏi đầu được .
いつもあのお店は混んでいるけど、今日は席をリザーブしてあるから大丈夫。,cửa hàng đó lúc nào cũng đông nhưng tôi đã đặt chỗ trước nên không sao đâu .
みんなから近寄りがたいってよく言われます。,mọi người thường nói tôi khó gần .
彼は床に座っていた。,anh ta ngồi lên giường .
もっと文をドイツ語に翻訳してみよう。,chúng ta hãy tiếp tục dịch sang tiếng Đức nào .
バカな質問があるんだ。,tôi cần hỏi một câu hỏi ngớ ngẩn .
明日帰ったら電話します。,toi se goi ho ngay mai .
あなたはどれくらいの睡眠時間が必要ですか。,bạn cần bao nhiêu tiếng đồng hồ để ngủ vậy ?
あなたの用意が出来次第出発しましょう。,khi nào bạn chuẩn bị xong chúng ta sẽ xuất phát nhé .
彼女は息子がひどい扱いを受けたと憤慨していた。,cô ta phẫn nộ vì con mình bị đối xử tệ bạc .
その噂は本当だと信じられている。,người ta tin rằng lời đồn đại này là thật .
それを建てるのに何年もかかった。,người ta đã mất nhiều năm để xây nó .
何に使うの？,dùng để làm gì ?
靴が小さすぎるから新しいのを買う必要があるな。,"giày của tôi bé quá , tôi cần đôi mới ."
ある日曜日の朝、ジョージは自宅の居間に乱入するやいなやこう言った。,"một buổi sáng Chủ Nhật , Josh xâm nhập vào phòng khách nhà người ta và nói những điều ấy ."
私は肉体労働には向いていない。,tôi không hợp với việc làm chân tay .
変わりない？,có gì mới không ?
彼らが先週忙しかったですか。,tuần trước họ bận à ?
この不良少女をどうしよう。,chúng ta phải làm gì với nữ phạm nhân này ?
お父さん、何してるの？,"bố ơi , bố đang làm gì thế ?"
勉強は出来る。あなたが何歳だとしても。,việc học là có thể bất kể tuổi tác của bạn .
もう～、なにやってんだよ。,"Ê , làm gì vậy ?"
私は犬よりも猫が好きです。,mình thích mèo hơn chó .
君がもう一度彼に頼んだら、彼も気が変わるかもしれない。,"nếu bạn nhờ anh ấy lần nữa , biết đâu anh ấy sẽ đổi ý ."
あした電話でご連絡いたします。,ngày mai tôi sẽ liên lạc với bạn qua điện thoại .
星は彼女の上で輝き・・・。,những ngôi sao lấp lánh trên cô ấy ...
「もし疲れているなら寝たらどう？」　「僕が今寝たらあまりに早く目覚めてしまうから。」," nếu mệt thì ngủ một chút đi ?  "" bây giờ mà ngủ thì sẽ dậy sớm lắm . """
ちょっと・・・なに通せんぼやってんのよ。,này ! bạn đang làm con đường bị tắc nghẽn đấy !
彼はクラスの他のどの少年よりも速く泳げる。,anh ta có thể bơi nhanh hơn bất kì nam sinh nào trong lớp .
船は明日の朝ホノルルを出る。,con Tàu sẽ rời khỏi Honolulu vào ngày mai
彼がどこに住んでいるか正確に教えてください。,xin hãy cho tôi biết địa chỉ chính xác nơi ở của anh ấy .
冬は私の一番好きな季節です。,mùa đông là mùa tôi thích nhất .
彼は信用できない。,không thể tin anh ta được .
彼女は２０年早く生まれていたらよかったのにと思った。,cô ta ước mình sinh ra sớm hơn 20 năm .
魚は水の外では生きられない。,cá không thể sống mà không có nước .
たまたま私達はロンドンに滞在していた。,tình cờ chúng tôi lưu lại ở London .
この靴をどう思う？,bạn thấy đôi giày này thế nào ?
母は変わり者です。,mẹ tôi là người lập dị .
あなたはいつからラテン語を勉強しましたか。,anh học tiếng La - tinh từ bao giờ ?
結局は誰でも自分で学ぶしかない。,"rốt cuộc , ai cũng phải tự học thôi ."
彼は何の苦も無く川を泳いで渡った。,anh bơi qua con sông với không một chút khó khăn .
お前なんでいつもそんな偉そうなの？,sao mày lúc nào cũng có vẻ hách dịch vậy ?
今日海岸に行こうと思っていたのに雨が降ってきた。,tôi tính đi ra biển chơi nhưng trời lại bắt đầu mưa .
他にどんな選択肢があるの？,tôi còn có sự chọn lựa nào khác nữa ?
「これが探していたものだ」と彼は叫んだ。, đây đúng là thứ mà tôi đang tìm  anh ta kêu lên .
どうやら食べ過ぎたみたいだ。,có vẻ như tôi đã ăn quá nhiều .
その日は雨が終日降ったりやんだりしていました。,hôm đó trời cứ mưa rồi lại hết cả ngày .
彼らはフェンスを緑色に塗った。,anh ta sơn hàng rào màu xanh lá .
私はほかならぬ大統領に会った。,tôi đã gặp mặt chính ngài tổng thống .
健康には注意すべきです。,bạn nên chú ý đến sức khỏe của bản thân .
ご注目下さい。,hãy chú ý !
待つしかない。,tôi chỉ còn chờ đợi được thôi .
「気分はどうですか。」と彼は尋ねた。, bạn thấy sao ?  anh ấy hỏi .
何か私にできることがありましたらお知らせ下さい。,cần gì thì cứ việc nói với tôi .
あなたがこの本の著者ですか？,bạn có phải là tác giả của cuốn sách này không ?
たまたま私達はロンドンに滞在していた。,tình cờ chúng tôi lưu lại ở London .
私のチョコレートを食べることを考えさえしないで。,đừng nghĩ là ăn sôcôla của tôi được nghe !
アメリカ旅行のよい記念になりました。,cái này sẽ là một kỷ niệm tốt của cuộc du ngoạn xung quanh nước Mỹ .
はぁ・・・（汗）、それでコンタクトは取れるようになったのかしら・・・？,ờ ... cái đó sao rồi ?
彼は書類を弁護士に預けた。,anh ta đã giao hồ sơ cho luật sư .
彼はその家から出てくるところを見られた。,anh ta có thể bị nhìn thấy khi ra khỏi nhà .
彼は完全に間違っていた。,anh ta hoàn toàn sai rồi .
静かに！,trật tự !
お前なんでいつもそんな偉そうなの？,sao mày lúc nào cũng có vẻ hách dịch vậy ?
午後６時にうかがって、あなたの都合はよろしいでしょうか。,có tiện cho bạn nếu tôi đến lúc 6 giờ chiều không ?
油断も隙もない奴だ。,không thể lơ là tên đó một phút nào hết .
我々はその自動車メーカーに部品を供給している。,chúng tôi cung cấp phụ tùng cho nhà sản xuất xe hơi
さくらんぼは6～7月が旬だ。,mùa anh đào ra quả là từ tháng 6 đến tháng 7 .
また後でかけ直していただけませんか？,bạn có thể gọi lại được không ?
どこに行きますか？,bạn đi đâu đấy ?
彼女はいつも流行の服を着ている。,cô ấy luôn mặc quần áo sành điệu .
彼は床に座っていた。,anh ta ngồi lên giường .
彼は危うく溺死するところだった。,anh ấy suýt chút nữa thì chết đuối .
最終成績に関しては、君の最終試験によります。,thành tích cuối cùng của bạn tùy thuộc vào bài kiểm tra cuối cùng .
君の愚痴はもう聞きたくないよ。,tôi không muốn nghe thêm bất kì lời than vãn nào từ cậu nữa .
警察はあなたに弾丸をみつけさせるでしょう。,cảnh sát sẽ bắt bạn tìm ra mấy viên đạn .
彼は実行力のある人です。,anh ta là người năng động .
最近、太ってきました。,tôi gần đây đang lên cân .
男がその部屋に入るのが見えた。,tôi đã trông thấy người đàn ông đó vào phòng .
あのうわさは本当かしら。,không biết tin đồn ấy có chính xác không nữa .
先生は横になっているように言われた。,bác sĩ bảo tôi nằm xuống .
私は招待書を受け取りました。,tôi đã nhận được giấy mời .
我々はその計画を実行しなければならない。,chúng ta phải thực hiện kế hoạch đó .
私は自由だと感じている。,tôi cảm thấy mình rất tự do .
女性が何かを書き留めている。,một người phụ nữ đang ghi chép lại một cái gì đó .
誰がラジウムを発見したのですか。,ai phát hiện ra nguyên tố Radium vậy ?
私のことを凡人だと思うのはやめて！,"đừng coi tôi như người "" bình thường "" !"
彼はとても親切だ！,nó rất tốt .
そこに一日中ただ立っているつもりかい？,cậu định đứng đó cả ngày hay sao ?
また雨だ。,lại mưa rồi .
トムは面食いだ。,Tom chỉ thích gái đẹp thôi .
ねぇ私に話してよ、トラング。,thôi nào ! nói chuyện với mình đi Trang .
彼はすべてを明らかにして潔く責任を取るべきです。,anh ấy nên làm rõ mọi chuyện và nhận trách nhiệm như một người đàn ông .
ジョージが来るかどうか知りません。,tôi không biết George có đến hay không .
禁煙席をお願いします。,xin cho tôi ghế không hút thuốc
猫が机の上に座る。,con mèo ngồi ở trên bàn
それじゃまた明日。,hẹn mai gặp bạn .
彼等はテレビを見ていた。,lúc đó họ đang xem TV.
放課後クラブ活動に残る子供が多い。,có nhiều đứa trẻ ở lại trường để tham gia các hoạt động ngoại khóa .
私は彼がいつパリから帰って来るのか知らない。,tôi không biết anh ấy từ Pháp về khi nào .
このジャケットは気に入らない。,tôi không hài lòng với bộ áo khoác này .
もっと時間が必要だ。,tôi cần thêm thì giờ .
私たちは、今日はどこにも行かない。,hôm nay chúng mình không đi đâu cả .
まだ持ってるか分からないなあ。,không biết là tôi còn không nữa .
君が側にいてくれれば何もいらない。,có em bên cạnh thì bây giờ mọi thứ đều ổn cả rồi .
すみません、お塩を取っていただけませんか？,làm phiền bạn lấy giùm tôi lọ muối được không ?
日本を離れて十年になる。,đã 10 năm kể từ khi tôi rời Nhật Bản .
今日の私は、ひとえに両親のおかげです。,"nếu không có sự giúp đỡ từ ba mẹ , con sẽ không được như ngày hôm nay ."
私は結婚していて子どもが二人いる。,tôi có chồng và hai đứa con .
彼は１年目で大学を辞めた。,anh ta nghỉ học lúc học năm nhất đại học .
席は全部ふさがっている。,tất cả những chiếc ghế đều đã có người ngồi rồi .
冷蔵庫の中にバターが２ポンドある。,trong tủ lạnh có 2 pound bơ .
その町に着くとすぐ、彼はまっすぐ彼女に会いに行った。,"vừa mới đặt chân tới ngôi làng , anh ta liền đi gặp cô ấy ."
彼はその結果に満足した。,anh ta hài lòng với kết quả đạt được .
あ、雪だ！,"A , tuyết rơi kìa !"
私のせいじゃない！,không phải lỗi của tôi !
雨らしい。,giống như mưa vậy .
彼女の思考回路がまったく理解できない。,tôi hoàn toàn không thể hiểu cách suy nghĩ của cô ấy .
悪天候のため、出発できなかった。,vì thời tiết xấu tôi đã không thể xuất phát .
あれ？あなたまだここにいたのね！,"này , này , bạn còn ở đó không ?"
火を消すのを忘れるな。,đừng quên dập lửa .
私は彼が野球をするのを見た。,tôi đã xem anh ấy chơi bóng chày .
君が来るかどうかは私にとってはどうでもよいことだ。,bạn có đến hay không đối với tôi không quan trọng .
「気分はどうですか。」と彼は尋ねた。, bạn thấy sao ?  anh ấy hỏi .
彼女はゆっくりと前進した。,cô ta từ từ tiến về phía trước .
私は家に帰る途中でにわか雨にあいました。,tôi gặp phải một cơn mưa rào khi đang đường về nhà .
何を言ってるの！,bạn nói gì đấy ?
私が格好いいと思いますか。,bạn có nghĩ tôi ngầu không ?
その少年は注目されたくて髪を染めた。,chàng trai đó đã nhuộm tóc vì muốn được chú ý .
映画に行きたいような気がしない。その代わり散歩をしよう。,"tôi không có hứng đi xem phim , hay là chúng ta đi dạo đi ."
彼女はいつも流行の服を着ている。,cô ấy luôn mặc quần áo sành điệu .
犬はどこだろう？,chó mô rồi ?
このシステムには、保護回路が組み込まれています。,"với hệ thống này , mạch bảo vệ đã được tích hợp ."
私はそうは思いません。,tôi không nghĩ như vậy .
その車は壁にぶつかった。,cái xe đã đụng vô tường .
この前会ってからずいぶん経ちましたね。,đã lâu rồi tôi chưa gặp mặt anh .
アイザック・ニュートンは近代科学の祖とたびたび言われるが、彼の晩年はもっぱら錬金術を研究していた。,"Isaac Newton thường xuyên được gọi là cha đẻ của nền khoa học hiện đại , nhưng những năm tháng cuối đời ông lại được dành hết để nghiên cứu về thuật giả kim ."
こちらにご注目ください。,hãy chú ý chỗ này !
本当？,thật à ?
彼らが先週忙しかったですか。,tuần trước người ta bận à ?
私は結婚していて子どもが二人いる。,tôi có chồng và hai đứa con .
負けない！,tôi không thua đâu !
あなたは彼女をパーティーに招待するつもりですか。,bạn có định rủ cô ấy đi tiệc không ?
パリは世界で最も美しい街である。,Paris là một thành phố đẹp nhất thế giới .
私はこれで４年間ずっとフランス語を学んでいる。,"cho đến bây giờ , tôi đã học tiếng Pháp suốt 4 năm ."
りんごを食べています。,tôi đang ăn táo .
妹の誕生日に真珠のネックレスを贈った。,tôi tặng em gái tôi dây chuyền châu vào ngày sinh nhật của nó .
お誕生日はいつですか。,sinh nhật của anh ngày nào vậy ?
決して学ぶのに遅すぎるということはない。,không bao giờ trễ quá để học hỏi .
「ママ、ビスケット食べてもいいでしょ」「だめです。間食はいけません」," má , con có thể ăn một miếng bánh quy được không ?  "" không . con không nên ăn giữa bữa ăn . """
お誕生日はいつですか。,sinh nhật của anh ngày nào vậy ?
もし電気がないと、私たちの暮らしがどのようなものになるか想像できますか。,bạn có thể hình dung được cuộc sống sẽ như thế nào nếu không có điện không ?
彼は私の隣に住んでいる。,anh ấy sống ở bên cạnh nhà tôi .
理論上、理論と実行の間には何の違いもないが、実際上違いはあるものだ。,"có thuyết cho là lý thuyết không khác gì với thực hành , nhưng trong thực hành thì lại có khác ."
「訓練と戦闘以外の仕事で、特殊部隊は何をする？」「訓練」。," ngoài công tác huấn luyện và chiến đấu , những lực lượng đặc nhiệm làm gì ?  "" huấn luyện "" ."
一、二、三、四、五、六、七、八、九、十。,"một , hai , ba , bốn , năm , sáu , bảy , tám , chín , mười ."
静かに！,trật tự !
さっきメアリーが君を探していたよ。,vừa nãy Mary tìm bạn đấy .
雨はいつ降り始めましたか。,khi nào mưa vậy ?
ドアを開けたままにしておくな。,đừng để cửa ngỏ .
彼女 に待って いる,tôi đang đợi bạn gái của tôi .
あなたの用意が出来次第出発しましょう。,khi nào bạn chuẩn bị xong chúng ta sẽ xuất phát nhé .
彼女は進歩している。,cô ấy đang tiến bộ .
バスはここに停まりますか,xe buýt có dừng ở đây không vậy ?
誰にでも長所と短所がある。,người nào cũng có cái hay và cái dở của họ .
うん。,Ừ .
彼はギターを弾くことができる。,anh ta có thể chơi được ghita .
女性が何かを書き留めている。,một người phụ nữ đang ghi chép lại một cái gì đó .
あれは私のCDです。,đó là đĩa CD của tôi .
ここに来な。,lại đây nào .
彼は本当に頭のよい子だ。,thằng nhóc thực sự là một đứa trẻ thông minh .
私は犬よりも猫が好きです。,mình thích mèo hơn chó .
彼は私の助言を求めた。,anh ấy xin lời khuyên của tôi .
彼は牛と馬を飼育している。,anh ta nuôi bò và ngựa .
彼はお金に困っている。,anh ấy đang cần tiền .
まだ晴れている間に洗濯をしなければなりません。,tôi phải giặt đồ trong khi trời còn nắng .
ちょっと休みたい。,tôi muốn nghỉ một chút .
私の生きているうちに共産主義が効力を持つことは無いだろう。,cộng sản sẽ chẳng bao giờ tồn tại đến đời của tôi .
彼は以前はたくさんの文章を読んだものだ。,trước đây anh ấy từng đọc rất nhiều .
彼は遅れないように早く出発した。,"để không bị muộn , anh ta đã xuất phát sớm ."
赤外線や紫外線は、人の目には見えない光である。,tia tử ngoại và tia hồng ngoại là loại ánh sáng mắt người không nhìn thấy được .
こんな寒い日にコートなしでは出かけたくない。,tôi không muốn ra ngoài vào ngày trời lạnh thế này mà không có áo choàng .
私にはちんぷんかんぷんでした。,tôi nghe toàn tiếng thổ dân .
とても楽しい午後でした。,thật là một buổi chiều thú vị .
私が格好いいと思いますか。,bạn có nghĩ tôi bảnh không ?
私は車を運転できるが、トムはできない。,"tôi biết lái xe ô - tô , nhưng Tom thì không ."
それは最近の写真？,tấm hình này có mới không ?
ええ。,ờ .
何を話しているの？,bạn đang nói cái gì vậy ?
彼は入学試験に合格したことを自慢した。,anh ta tự hào vì đã thi đỗ kì thi nhập học .
私はこのラケットを２ヶ月前に買った。,tôi mua cái vợt này 2 tháng trước .
お金を稼ぎたいならアメリカが一番だ。,sống ở Mỹ rất thích nếu là ở đây để kiếm tiền .
さくらんぼは6～7月が旬だ。,mùa anh đào ra quả là từ tháng 6 đến tháng 7 .
彼は、私がちょうど家を出ようとしたときに到着した。,anh ấy đã đến lúc tôi vừa định đi ra khỏi nhà .
早起きしたほうが良い。,bạn nên dậy sớm .
雨は雪に変わった。,mưa chuyển thành tuyết .
彼女が美人だと思っているのは私たちだけだ。,chỉ mình chúng tôi thấy cô ấy đẹp .
彼は書類を弁護士に預けた。,anh ta đã giao hồ sơ cho luật sư .
明日図書館で勉強するつもりです。,ngày mai tôi sẽ học ở thư viện .
その知らせに彼女は青ざめた。,"lúc nghe được tin đó , mặt cô ấy tái xanh ."
堅い書き物は大嫌いだ。,tôi rất ghét phải viết theo khuôn mẫu !
彼はクラスの他のどの少年よりも速く泳げる。,anh ta có thể bơi nhanh hơn bất kì nam sinh nào trong lớp .
彼女は生徒達との関係がとてもうまくいっている。,cô ấy có mối quan hệ tốt với các học sinh .
除夜の爆竹は、結婚式の爆竹のようである。,pháo nổ giao thừa như pháo cưới .
彼は芸能界に精通している。,anh ta tinh thộng giới nghệ sĩ .
私は歩いて行きます。,tôi sẽ đi bộ .
ブラウンさんとお話させて戴く事はできますか？,có thể cho tôi nói chuyện với ông Brown được không ?
何でこんなに遅くまで起きてるの？,bạn làm gì mà thức khuya quá vậy ?
彼は天才かもしれない。,anh ấy có thể là một thiên tài .
この分析では次の結果が出ている。,bản phân tích này đưa ra kết quả sau đây .
彼は英語を話すのがとても苦手だ。,cậu ấy nói tiếng Anh tệ thật .
そのことを後悔しながら余生を送りたくない。,tôi không muốn cả đời hối tiếc vì chuyện này .
あなたの唇は赤いです。,môi bạn đỏ quá .
メリークリスマス！,chúc mừng giáng sinh !
秘書にその手紙をタイプさせた。,tôi giao cho thư kí đánh bức thư đó .
明日授業があります。,tôi có lớp ngày mai .
わたしがいなくて淋しいと思った？,có nhớ tôi không ?
おいしいもの食べてるときが何より幸せ。,không có gì sướng bằng được ăn đồ ăn ngon .
雪が降る。,tuyết rơi .
この騒音にはがまんできない。,tôi không thể chịu đựng tiếng ồn này thêm nữa
彼女は子供のように単純だ。,cô ta có một tâm hồn giản đơn như một đứa trẻ .
何を言ってるの！,bạn nói gì thế ?
ちょっと休みたい。,tôi muốn nghỉ một chút .
買い物に行かなければならない。一時間で戻るよ。,tôi đi mua sắm một chút . một tiếng sau trở lại .
理論を実践と結び付けることが重要である。,cần phải kết hợp giữa lý thuyết và thực hành .
殺人犯は有罪判決を受けて終身刑に処せられた。,thằng giết người bị xử tù chung thân .
君にはうんざりしたよ。,tôi chán ngấy anh rồi .
あなたのアドバイスにはいつも助けられています。,lời khuyên của bạn luôn luôn hữu ích đối với tôi .
ラジオの音が大きすぎる。少し小さくしてくれませんか。,âm lượng radio lớn quá . bạn bật nhỏ lại một chút được không ?
男性は色っぽい女性が大好きなのです。,đàn ông thích phụ nữ gợi cảm .
やらなければならない事がありすぎる！,có nhiều thứ để làm quá !
つまらない試合に飽きてきた。,tôi nản cái trận đấu nhàm chán này lắm rồi .
あのうわさは本当かしら。,không biết tin đồn ấy có chính xác không nữa .
これは雨に濃いではないのだろうか？,không phải là có mưa thì trời sẽ tối à ?
彼女は２０年早く生まれていたらよかったのにと思った。,cô ta ước mình sinh ra sớm hơn 20 năm .
さっきメアリーが君を探していたよ。,vừa nãy Mary tìm bạn đấy .
トムがどこに住んでいるか分かった。,tôi biết Tom sống ở đâu .
彼が試験に受かるのは間違いない。,tôi chắc chắn anh ta sẽ làm bài kiểm tra .
はい。これならそらで歌えます。,"vâng , tôi có thể hát thuộc lòng bài này ."
彼は英語を話すのがとても苦手だ。,cậu ấy nói tiếng Anh tệ thật .
おばさんがバースデープレゼントを送ってきた。,tôi tặng dì quà sinh nhật .
お客様がたくさんいます。その中で先生のクラスメートと友達が多いです。,"có rất khách , phần lớn bọn họ là bạn bè và bạn cùng lớp của thầy giáo ."
遠くの兄弟より、良き隣人。,"bán anh em xa , mua láng giềng gần ."
あなたは前もってそれを彼に話す方がよい。,bạn tốt hơn nên nói chuyện với anh ta trước .
彼はあなたをとても愛しています。,anh ta rất yêu bạn .
私は引っ越してきたばかりです。,tôi vừa mới chuyển nhà .
「ママ、ビスケット食べてもいいでしょ」「だめです。間食はいけません」," má , con có thể ăn một miếng bánh quy được không ?  "" không . con không nên ăn giữa bữa ăn . """
同性愛者ですが何か？それが犯罪だとでも？,bị gay thì sao ? cái đó cũng là tội à ?
私は彼の威嚇をぜんぜん怖くない。,tôi hoàn toàn không sợ những sự đe dọa của hắn .
あれは私のCDです。,đó là đĩa CD của tôi .
こっちに明かりをむけてくれないか。,xoay đèn lại hướng này giùm .
全国民がそのニュースを聞いて喜んだ。,toàn thể dân tộc vui mừng khi nghe tin ấy .
今日の午後三時に彼女と会うことになっている。,tôi đã hẹn gặp cô ấy lúc ba giờ chiều nay .
あなたは前もってそれを彼に話す方がよい。,bạn tốt hơn nên nói chuyện với anh ta trước .
私でよければ力になりますよ。,nếu không chê tôi sẽ trở thành sức mạnh của bạn .
我々の軍隊に完全に包囲されてしまって敵はとうとう降伏した。,"bị bao vây hoàn toàn bởi quân ta , kẻ địch cuối cùng cũng đã đầu hàng ."
それは、彼や他の科学者達が何を行っているのかを知りたい人たちのためのものであった。,cái đó là để cho những người muốn biết anh ta và những nhà khoa học khác đang làm gì .
あなたが駅に着くのにどのくらいかかりますか。,mất bao nhiêu thời gian để đi từ đay tới ga ?
彼女はドアを閉めて、２階にあがった。,cô ấy đóng cửa và đi lên tầng 2 .
そういうものなんです。,từ xưa đến giờ đả luôn luôn như vậy rồi .
豚は小屋にいない。,lợn không có ở trong chuồng .
いいえ、手伝いませんでした。,"không , tôi chưa hề giúp ."
トラング、もしあなたにマシュマロを送れたら、私は送るよ。,nếu tôi có thể gửi Trang một cục marshmallow thì tôi sẽ gửi .
彼女は赤い服を着ていた。,cô ấy mặc đồ đỏ .
彼が大好き！,mình rất thích anh ấy .
驚かない所をみると知ってたのね。,"anh có vẻ không bất ngờ nhỉ , chắc anh đã biết cả rồi ."
あぁまだ、宵の口だね。,đêm cũng dài quá ha ?
女王様が長生きされますように。,đức nữ hoàng muôn năm !
彼は全力を尽くしたが、すぐにあんな早いランナーには勝てないことがわかった。,anh ta đã nỗ lực hên mình nhưng ngay sau đó nhận ra mình không thể thắng người chạy đó với tốc độ nhanh như thế kia được .
私は男の姿を見た。,tôi thấy bóng dáng của một người đàn ông .
彼女がどんなに彼を喜ばそうとしても彼は喜ばなかった。,cô ấy cố làm anh ta hài lòng đến mức nào cũng không được .
私はそのような美しい女の子を一度も見たことがありませんでした。,tôi chưa từng gặp một cô bé nào xinh đẹp như vậy cả .
君の愚痴はもう聞きたくないよ。,tôi không muốn nghe thêm bất kì lời than vãn nào từ cậu nữa .
彼は少女たちを３列に分けた。,anh ta chia nữ ra thành 3 hàng .
百合は当時たびたびロンドンに行った。,Yuri gần đây hay tới London .
人は健康には気をつけねばならない。,mình nên tự lo cho bản thân mình .
母親がドアをノックした。,mẹ của anh ta gõ cửa .
昨晩彼女は風邪気味だった。,tối qua cô ấy bị cảm nhẹ .
ねえ、僕と結婚してくれる？,"em ơi , cưới anh nhé ?"
犬はどこだろう？,chó đâu rồi ?
あ、雪だ！,"A , tuyết rơi kìa !"
JavaとJavaScriptはインドとインドネシアくらい違うものです。,Java với JavaScript khác nhau như Ấn Độ khác với Indonesia vậy .
日本語が話せますか。,ông có nói tiếng Nhật không ?
そんなことは絶対にない。,tuyệt đối không có chuyện đó .
何してるの？,bạn đang làm gì đây ?
チェコ語を習っている。,tôi đang học tiếng Séc .
あぁまだ、宵の口だね。,đêm cũng dài quá ha ?
多くの植物は春に花をつける。,rất nhiều thực vật nở hoa vào mùa Xuân .
ハワイにはサーフ狂がいっぱいいる。,ở Hawaii có rất nhiều người đam mê lướt sóng .
その車は壁にぶつかった。,cái xe đã đụng vô tường .
座りなよ。,cứ ngồi nhé .
あなたが帰国なさる頃には、桜はみんな散ってしまっていることでしょう。,lúc bạn trở về quê nhà có lẽ cũng là lúc cánh hoa anh đào rụng rơi hết .
彼は今週ずっととても忙しかった。,anh ta cực kỳ bận tuần này .
彼女は休暇中です。,cô ấy đang trong kỳ nghỉ .
私は死後のことには興味がない。,tôi không hứng thú với chuyện kiếp sau .
彼は私を好きになったと告白した。,anh ấy đã thú nhận là thích tôi .
図書室ではしゃべるな。,không được nói chuyện ở phòng đọc sách ở thư viện .
りんごを食べています。,tôi đang ăn táo .
ねぇ私に話してよ、トラング。,thôi nào ! nói chuyện với mình đi Trang .
私達はその計画を実行した。,chúng tôi thực hiện kế hoạch đó .
ジムはどこ？,Jim đâu nhỉ ?
ちょっと休みたい。,tôi muốn nghỉ một lúc .
彼女は昨日東京へ向けて出発したようです。,có vẻ như cô ấy đã khởi hành đi tới Tokyo hôm qua .
男性が一家の主と言うことはアメリカ社会に当てはまる。,"trong xã hội Mỹ , đàn ông là trụ cột gia đình ."
小川がさらさらと流れる音が聞こえる。,dòng sông nhỏ chảy róc rách .
私たちは、今日はどこにも行かない。,hôm nay chúng mình không đi đâu cả .
ドイツでは沢山雨が降りますか？,ở Đức mưa có nhiều không ?
彼女の魅力は言葉では表現できない。,không gì có thể tả xiết sức hấp dẫn của cô ấy
できるよ！,được mà !
私は、偶然旧友に会った。,tôi tình cờ gặp lại người bạn cũ .
ワードプロセッサーの使い方を知っていますか。,bạn có biết cách sử dụng phần mềm soạn thảo văn bản không ?
彼は信用できない。,không thể tin anh ta được .
私は何十回もそこへ行きました。,tôi đã đến đó cả chục lần .
天然自然が荒らされていくのは残念なことだ。,lãng phí tài nguyên thiên nhiên lá một việc làm thật xấu hổ .
席は全部ふさがっている。,tất cả những chiếc ghế đều đã có người ngồi rồi .
彼はたくさんの物語を書いた。,anh ta đã viết nhiều câu chyện .
家族がいるってすばらしいです。,thật tuyệt vời khi có một gia đình .
彼は故意に間違った。,anh ta cố tình phạm sai lầm .
夜はこのホテルに泊まるつもりです。,tôi định sẽ ở qua đêm tại khách sạn này .
それは面白い。,cái đó nhìn hấp dẫn .
念のため傘持って行ったら？,để đề phòng thì bạn có thể mang ô theo .
もうすぐ授業が再開する。,sắp vô tiết rồi .
私は彼女のボーイフレンドと一緒に働いている。,tôi làm cùng với bạn trai cô ấy .
私は日本語が話せない。,tôi không biết nói tiếng Nhật .
そんな話は少しも信じてはいけません。,anh không được tin một câu nào của câu chuyện đó .
車を貸していただけませんか。,bạn cho tôi mượn xe ô tô được không ?
彼女は気を失ったが、数分後に正気に戻った。,cô ta bất tỉnh nhưng tỉnh lại trong vài phút sau .
止めて！あなたは彼女の気分を害してるわ。,đừng ! mày đang làm cô ấy bực bội đấy .
彼女はだいたい私と同じ年頃だ。,cô ấy tuổi cỡ ngang tôi .
聞けば聞くほどますます面白くなる。,càng nghe càng thấy trở nên thú vị .
仕事中です。,tôi đang làm việc .
すぐ行く方がよいと思う。,tôi nghĩ tốt hơn nên đi ngay .
ほんの一度会っただけ。,tôi chỉ gặp anh ta có một lần .
約束するよ。,tôi hứa .
今通りには全く雪がない。,bây giờ ngoài đường không còn tuyết nữa .
彼女は確かにそのことを知っているんです。,chị ấy chắc chắn biết điều đó .
「これが探していたものだ」と彼は叫んだ。, đây đúng là thứ mà tôi đang tìm  anh ta kêu lên .
それをあなたに説明することは私には無理です。,tôi không thế nào giải nghĩa cho bạn được .
彼の車は最新式だ。,chiếc xe của anh ta là model mới nhất .
やばい、パスポートなくしたかも。,"chết thật , chắc tớ mất hộ chiếu rồi ."
そのうわさは本当だと思う。,tôi nghĩ tin đồn đó là thật .
私は手もとによい参考書を持っていない。,tôi không có cuốn sách tham khảo tốt nào trong tay .
Maryさんはタオルだけでお風呂に出ている。,Mary bước ra khỏi nhà tắm chỉ với khăn tắm trên người .
彼は１年目で大学を辞めた。,anh ta nghỉ học lúc học năm nhất đại học .
パリへの最短経路に従って,theo con đường ngắn nhất để tới Paris .
彼は泣いていた。,anh ấy đang khóc .
あなたは何人兄弟がいますか。,bạn có mấy anh chị em ?
なんて狭い階段なんだ。,cầu thang hẹp thật !
思ったより安くあがった。,nó không đắt như tôi nghĩ .
あぁ私の白いズボンが！新しいのに。,kìa mấy cái quần trắng của mình ! vẫn còn mới !
私は、偶然旧友に会った。,tôi tình cờ gặp lại người bạn cũ .
声変だよ。どうしたの？,sao giọng bạn nghe lạ vậy . bạn bị sao à ?
面接はうまくいきました！,tôi đã thể hiện rất tốt ở buổi phỏng vấn !
主婦は家庭の仕事がたくさんある。,bà nội trợ có vô khối việc gia đình phải lo .
堅い書き物は大嫌いだ。,tôi rất ghét phải viết theo khuôn mẫu !
私はほかならぬ大統領に会った。,tôi đã gặp mặt chính ngài tổng thống .
このパソコン、ネットつながってますか？,máy tính này có kết nối internet được không ?
お母さんは森を通り抜けた。,mẹ tôi đã băng qua khu rừng .
何かお飲みになりますか？,bạn có muốn uống cái gì không ?
彼らは昨夜出発した。,anh ta đã xuất phát tối qua .
ますます多くの人々が都会に移ってきている。,càng có nhiều người đang di chuyển đến các khu vực đô thị .
しかし、逆もまた真である。,"nhưng , sự trái ngược cũng luôn luôn có lý ."
市長は市政を司る。,thị trưởng là người phụ trách chính sách của thành phố .
時間はたっぷりあった。,bạn còn rất nhiều thời gian .
彼と私はクラスメートです。,anh ta và tôi là bạn cùng lớp .
英語は３時間目だ。,anh văn là tiết thứ 3 .
お母さん早く！ みんな待ってるよ！,mẹ ơi nhanh lên ! mọi người đang đợi đấy .
JavaとJavaScriptはインドとインドネシアくらい違うものです。,Java với JavaScript khác nhau như Ấn Độ khác với Indonesia vậy .
彼の話の一部は本当だ。,một phần trong câu chuyện của ông là sự thật .
止めて！あなたは彼女の気分を害してるわ。,đừng ! mày đang làm cô ấy bực bội đấy .
私は誰がこの手紙を書いたのか知りません。,tôi không biết ai viết bức thư này .
生物学の先生がSoniaと言います。,cô giáo môn sinh học tên là Sonia .
あまりの暑さに我々は長く歩けなかった。,trời rất nóng nên chúng ta không thể đi bộ lâu được .
私は彼の言う事が全然わからなかった。,tôi không hiểu chút nào những gì anh ấy nói .
その男は太りすぎていて１人では動けなかった。,anh ta quá mập nên không thể tự mình di chuyển .
遅れてごめん。,xin lỗi tôi đến trễ .
その犬は走り始めた。,con chó bắt đầu chạy .
「おはよう」とトムは微笑みながら言った。, chào buổi sáng  Tom mỉm cười và nói .
私はそうは思いません。,tôi không nghĩ như vậy .
想像力は私たちの生活のどの側面にも影響を与える。,sự tưởng tượng ảnh hưởng đến mọi khía cạnh cuộc sống của chúng ta .
あら、申し訳ございません。,"ờ , xin lỗi nghe ."
赤ちゃんは寝ています。,em bé đang ngủ
時間はいくらでも作れる。,một người luôn luôn có thể kiếm thêm thì giờ .
彼らはどこから来たの。,họ đến từ đâu vậy ?
彼らは、私が嫌いだ。,họ không thích tôi .
私の特技は、いつでもどこでも誰とでも友達になれちゃうことなの。,"khả năng đặc biệt của tôi là có thể làm bạn với bất kỳ ai ở mọi lúc , mọi nơi ."
あまりにたくさんの仕事があるので、私はもう１時間います。,"tôi còn nhiều việc phải làm quá , chắc phải ở lại thêm một tiếng đồng hồ nữa ."
彼女は赤ん坊をしっかりと腕に抱きしめた。,cô ta ôm chặt đứa bé vào ngực .
起こしてくれる必要はなかったのに。,bạn không cần phải đánh thức tôi .
私は政治に関心がない。,tôi không quan tâm đến chính trị .
雨が降っている。,đang mưa .
「おはよう」とトムは微笑みながら言った。, chào buổi sáng  Tom mỉm cười và nói .
往復旅行？片道だけです。,vé khứ hồi phải không ? một chiều thôi .
アメリカ旅行のよい記念になりました。,cái này sẽ là một kỷ niệm tốt của cuộc du ngoạn xung quanh nước Mỹ .
彼女はピアノを弾き始めるところだ。,cô ấy mới bắt đầu chơi piano .
私はかぜぎみだったので、早く寝た。,"vì hơi bị cảm lạnh , nên tôi đi ngủ sớm ."
あんたのせいで食欲をなくしたよ。,nhờ ơn của bạn tôi hết còn thèm ăn .
変わりない？,có gì mới không ?
彼女がどんなに彼を喜ばそうとしても彼は喜ばなかった。,cô ấy cố làm anh ta hài lòng đến mức nào cũng không được .
あいにく私はお金を持っていない。,rất tiếc là tôi không mang tiền .
何の話をしていたっけ？,bạn vừa nói gì ?
あなたの忠告がなかったら、私は成功しなかっただろう。,không nhờ có lời khuyên của bạn thì có lẽ tôi đã chẳng thành công .
あれ？あなたまだここにいたのね！,"này , này , bạn còn ở đó không ?"
バスに傘を忘れるとは彼女はそそっかしい。,cô đã bất cẩn để quên chiếc ô trên xe buýt .
待つしかない。,tôi chỉ còn chờ đợi được thôi .
喧嘩のそば杖を食った。,tôi bị dính vào cuộc tranh cãi của người khác .
レッド先生が私に国語を教えてくれた。,cô Red dạy tôi tiếng Nhật .
髪型変えたら10歳は若く見えるよ。,bạn mà đổi kiểu tóc sẽ trông trẻ ra đến 10 tuổi .
１週間に一度ここで集まりましょう。,chúng ta hãy tập hợp ở đây 1 tuần 1 lần .
あなたはいつか人類が月に植民すると思いますか。,bạn thực sự nghĩ rằng con người một ngày nào đó có thể định cư trên Mặt trăng không ?
トムは母親と瓜二つだ。,tôm giống mẹ như đúc .
恋は盲目。,tình yêu mù quáng .
私とテニスをしませんか。,bạn có muốn chơi tennis với tôi không ?
私は彼の息子のだれにでも会ったことがない。,tôi chưa hề gặp ai trong số những người con trai của anh ta .
私には夢がある。,tôi có ước mơ .
「ありがとうご座います」「どう致しまして」," cám ơn .  "" không có chi . """
私は英語の試験の準備をしなければならない。,tôi phải chuẩn bị cho bài thi tiếng Anh .
その歌手は注目の的だった。,mọi sự chú ý đều tập trung về phía ca sĩ .
「ありがとう。」「どういたしまして。」," cám ơn .  "" không có chi . """
結婚の利益は、女性の本質を知ることであり、結婚の損失は、女性への幻滅を知ることである。それ故に結婚しない小説家は、未だ女を書くことが出来ない。結婚した詩人は、もはや女を歌うことができない。,"sự được mất của kết hôn là thấu hiểu được , đồng thời là vỡ mộng , về bản chất của phụ nữ . bởi vậy những tiểu thuyết gia còn độc thân chẳng biết viết gì về phụ nữ , còn những thi sĩ đã lập gia đình chẳng buồn ngợi ca phụ nữ nữa ."
アリスは会議に出席していませんでしたね。,Alice đã không có mặt tại cuộc họp phải không ?
仕事に行きたくない。,mình không muốn đi làm .
電気をつけてくれ。私は全く何も見えない。,thắp đèn lên đi . tôi chẳng nhìn thấy gì cả !
彼女を一人にした方がいい。,cô ấy nên ở một mình .
それは私じゃないよ、理事長！,"sếp à , không phải tôi đâu !"
インターネットは子供のいるべき場所じゃないって今でも思ってる。,đến giờ tôi vẫn nghĩ rằng Internet không phải là nơi dành cho trẻ con .
わたし達はたくさん歩きました。,chúng tôi đã đi bộ rất nhiều .
またいつか風のように走るんだ。,sẽ có một ngày tôi sẽ chạy nhanh như gió .
男がその部屋に入るのが見えた。,tôi đã trông thấy người đàn ông đó vào phòng .
授業が全然無いとでも言うの？！,bạn không bao giờ có lớp hay sao ?
はぁ・・・（汗）、それでコンタクトは取れるようになったのかしら・・・？,ờ ... cái đó sao rồi ?
放課後クラブ活動に残る子供が多い。,có nhiều đứa trẻ ở lại trường để tham gia các hoạt động ngoại khóa .
図書館はどこですか。,cho hỏi thư viện ở đâu vậy ?
何が問題なの？,vấn đề ở đâu ?
今日授業あるの完全に忘れてた。,tôi quên mất hôm nay có buổi học .
私は私の時間を浪費させる人間を殺さなくてはならなない。,ta phải giết ngươi vì đã làm lãng phí thời gian của ta .
あなたは私に夢を見させてくれるのね。,bạn khiến tôi mơ đấy .
チャンスを最大限に活用してみるべきだ。,bạn nên cố tận dụng tối đa những cơ hội mà mình có .
私たちの学校の図書館には本がたくさんある。,thư viện trường ta có rất nhiều sách .
彼はとても親切だ！,nó rất tốt .
あした電話でご連絡いたします。,ngày mai tôi sẽ liên lạc với bạn qua điện thoại .
君はそんなマニアックな古い車を運転しているのかい！,bạn đang lái xe cứ như một kẻ điên vậy !
彼は以前はたくさんの文章を読んだものだ。,trước đây anh ấy từng đọc rất nhiều .
その事故のことは聞きましたと彼女は言った。,cô ấy bảo đã nghe nói về vụ tai nạn .
彼女は彼に大金を借りている。,cô ấy nợ anh ta một khoản tiền lớn .
彼らは二度と会うことはなかった。,họ đã không gặp mặt nhau một lần nào nữa .
森に行ったら、子供くい鬼に気をつけてください！,vào rừng phải cẩn thận coi chừng quỷ ăn thịt trẻ em !
かわいい子紹介してよ。,giới thiệu cho tớ mấy em xinh tươi đi .
医者に相談した方がいいよ。,bạn nên nhờ bác sỹ tư vấn thì hơn .
この本はとても厚い。,cuốn sách dày thật .
彼女の思考回路がまったく理解できない。,tôi hoàn toàn không thể hiểu cách suy nghĩ của cô ấy .
彼はお金に困っている。,anh ấy đang cần tiền .
本当？,thật à ?
子供達の中の１人は勉強していますが他の子供達は全員遊んでいます。,"trong lũ trẻ có một đứa đang học , còn những đứa khác toàn bộ đang chơi ."
彼らがフランス語を話すことは、もしあってもまれだ。,anh ta có cũng rất hiếm khi nói tiếng Pháp .
今通りには全く雪がない。,bây giờ ngoài đường không còn tuyết nữa .
彼の話の一部は本当だ。,một phần trong câu chuyện của ông là sự thật .
彼女は休暇中です。,cô ấy đang trong kỳ nghỉ .
彼女はあなたの妹ですか。,cô ấy là em gái bạn à ?
この問題はそれよりやさしい。,vấn đề này dễ dàng hơn thế .
握手しましょう。,xin hãy bắt tay .
もし世界が今の形をしていなかったら、私は誰でも信用できうる。,"nếu thế giới không như bây giờ , thì tôi có thể tin ai cũng được ."
「トランプしたいなあ。」「私も。」," tôi muốn đánh bài .  "" tôi cũng vậy . """
主婦は家庭の仕事がたくさんある。,bà nội trợ có vô khối việc gia đình phải lo .
私は歩いて行きます。,tôi sẽ đi bộ .
彼は使い切れない程のお金を稼ぐ。,anh ta kiếm được nhiều tiền hơn mức có thể tiêu hết
大人しそうに見えても男はみんな狼だからね。覚えときな。,"dù vẻ bề ngoại có đạo mạo đến đâu , lòng dạ đàn ông đều là lang sói cả . con phải nhớ đấy nhé ."
昨日は僕が本を読みました。,hôm qua tôi đã đọc sách .
全然部屋に似合わないけど、貰ったから良し！,"đúng là nó không hợp với căn phòng , nhưng miễn phí nên lấy cũng không sao ."
誰もあなたを迎えに駅に来てくれなかったとは残念だ。,thật buồn khi chẳng ai đến gặp bạn ở nhà ga cả .
私は学生の頃、よくあのピザ店へ行ったものだった。,hồi còn đi học tôi hay đến tiệm pizza đó .
誰もあなたを迎えに駅に来てくれなかったとは残念だ。,thật buồn khi chẳng ai đến gặp bạn ở nhà ga cả .
私が絶対勝てないってあなた言った？,bạn vừa nói rằng tôi không thể thắng được à ?
ありがとうございます！,cám ơn bạn nhiều nghe !
成功への鍵を握るのは教育である。,giáo dục là chìa khóa dẫn tới thành công .
彼はきのう旅行に出発した。,anh ta khởi hành chuyến đi từ hôm qua .
明日仕事を始めるのはご都合がよいでしょうか。,ngày mai bắt đầu làm việc có tiện không ?
本当？,thật sao ?
今日の予定は？,hôm nay có dự định gì không ?
残念ながらそれは本当なのです。,tiếc rằng cái đó là sự thật .
トムがどこに住んでいるか分かった。,tôi biết Tom sống ở đâu .
もう好きじゃない。,tao không thích mày nữa .
彼はいつも他人のあらを探している。,anh ta luôn luôn truy tìm những sai lầm của người khác .
このシステムには、保護回路が組み込まれています。,"với hệ thống này , mạch bảo vệ đã được thiết kế tích hợp bên trong ."
彼女はその花をとても大事にしている。,cô ấy rất quý bông hoa đó .
誰がラジウムを発見したのですか。,ai phát hiện ra nguyên tố Radium vậy ?
私が話しているときは私を見て！,làm ơn nhìn mặt tôi khi nói chuyện !
思ったより安くあがった。,nó không đắt như tôi nghĩ .
誤解され得るものはいずれすべて誤解されるであろう。,cái gì dễ bị hiểu lầm thì sẽ luôn như vậy thôi .
火事！,cháy !
彼は長く歩いてきたあとだから、ひどく疲れているに違いない。,anh ta chắc hẳn phải rất mệt mỏi sau khi đi một quãng đường dài như vậy .
私がこの絵が好きなのは、単に有名だからではなくて本当に傑作だからだ。,tôi thích bức tranh này không đơn giản chỉ là do nó nổi tiếng mà bởi vì thực sự nó là một kiệt tác .
あなたは全く間違っています。,bạn đã hoàn toàn sai lầm .
彼が住んでいる場所は町から遠いところです。,anh ta sống ở nơi xa làng .
私は毎日６時に起きる。,mỗi ngày tôi dậy lúc 6 giờ .
理論上、理論と実行の間には何の違いもないが、実際上違いはあるものだ。,"có thuyết cho là lý thuyết không khác gì với thực hành , nhưng trong thực hành thì lại có khác ."
私は眠らなければなりません。,tôi phải đi ngủ .
あなたが欲しいだけ取りなさい。,cứ lấy bao nhiêu bạn muốn .
暗さがもっとも増すときに、人々は星を見る。,mọi người ngắm sao khi trời tối hơn nữa .
私は英語の試験の準備をしなければならない。,tôi phải chuẩn bị cho bài thi tiếng Anh .
昨年ロンドンへ行きました。,chúng mình đi qua London năm vừa rồi
彼は２０歳の時にこの小説を書いた。,ông ấy viết truyện ngắn này khi 20 tuổi .
その少年は大人のような口の利き方をする。,thằng bé ấy nói chuyện như người lớn .
休みは終わった。,kỳ nghỉ từ đây kết thúc .
この騒音にはがまんできない。,tôi không thể chịu đựng tiếng ồn này thêm nữa
生活費が断然上がった。,giá sinh hoạt đã nhất loạt tăng .
いや、全然。,"không , không phải toàn bộ ."
何と言ったら良いか分かりません。,tôi hết lời để nói .
今日の私は、ひとえに両親のおかげです。,"nếu không có sự giúp đỡ từ ba mẹ , con sẽ không được như ngày hôm nay ."
彼は変わった人だ。,anh ta là một người kỳ lạ .
いいえ、切符売場で買わなければなりません。,"không , anh phải mua vé ở quầy bán ."
その会社はイメージアップをはかっている。,chúng tôi đang bàn bạc việc nâng cao hình ảnh của công ty .
これ誰の本？,sách của ai thế ?
嵐になりそうです。,sắp có một cơn bão .
我々はその自動車メーカーに部品を供給している。,chúng tôi cung cấp phụ tùng cho nhà sản xuất xe hơi
わざとやったのね！,bạn cố ý làm phải không !
辞書を借りてもいいですか。,bạn cho mình mượn cuốn từ điển được không ?
あなたはその切符を買うために、列に並ばなければなりません。,bạn phải xếp hàng để mua vé .
彼はどこからどこまでも紳士らしい。,anh ta từ đầu đến chân trông rất quý phái .
わたしはあなたの夢を見ました。,tôi mơ đến bạn .
喧嘩のそば杖を食った。,tôi bị dính vào cuộc tranh cãi của người khác .
あなたの勉強を邪魔しないようにします。,tôi sẽ cố không quấy rầy bạn học hành .
子供の頃のことをよくおぼえている。,tôi nhớ rất rõ những ký ức về thời thơ ấu của mình .
「お酒嫌いなの？」「いや、好きなんだけどすごく弱いんだ」," bạn không thích uống rựu à ?  "" không , tôi thích chứ nhưng tửu lượng lại yếu quá "" ."
公園にたくさんのアベックがいた。,có rất nhiều cặp tình nhân ở công viên .
頭痛がする。,tôi bị nhức đầu .
たまに私は彼と別れるようかと思う。,có lúc tôi nghĩ đến chuyện ly dị anh ta .
午後６時にうかがって、あなたの都合はよろしいでしょうか。,có tiện cho bạn nếu tôi đến lúc 6 giờ chiều không ?
彼にはユーモア精神が全然ないようだ。,hình như anh ấy chẳng có tí khiếu hài hước nào .
車を貸していただけませんか。,bạn cho tôi mượn xe ô tô được không ?
君は僕をいらいらさせる。,mày làm tao tức quá !
彼女は生徒たちが彼女の言葉を聞き逃すといけないからゆっくり話しました。,cô ấy nói chậm lại vì học sinh không nghe kịp .
彼女は音楽が大好きだ。,cô rất yêu thích âm nhạc .
食べ過ぎると太りますよ。,ăn nhiều quá mập đấy .
誰しも、夢はかなうと信じたいものだ。,ai cũng muốn tin rằng mọi giấc mơ đều có thể trở thành hiện thực .
誰がこの問題をしらないんだ？,ai lại không biết về vấn đề này ? !
彼女はその金を受け取ることを拒否した。,cô ấy đã từ chối nhận tiền .
スポーツが好きです。,tôi thích thể thao .
裕子は外国人と話したことがない。,Yuko chưa bao giờ nói chuyện với người ngoại quốc .
警察はあなたに弾丸をみつけさせるでしょう。,cảnh sát sẽ bắt bạn tìm ra mấy viên đạn .
彼には人間的な感情がまったくかけている。,anh ta hoàn toàn vô cảm .
そんなことは嫌いだ。,tôi ghét những thứ đó .
黙って聞け！,im đi nghe đây !
水道メーターの数字を読んで下さい。,vui lòng đọc các con số trên đồng hồ đo nước .
私を見て。,nhìn tôi này .
何が言いたいのか分からないなあ。,tôi không biết ý của bạn là gì .
彼は私に私達のチームが勝ったという知らせを持ってきた。,anh ta báo cho tôi về sự chiến thắng của đội chúng tôi .
結局は誰でも自分で学ぶしかない。,"rốt cuộc , ai cũng phải tự học thôi ."
この画家は美しい絵画を創作する。,người họa sĩ này vẽ nên những bức tranh đẹp .
注射のことを考えると怖くて震えてしまう。,cứ nghĩ đến chích là người run lên lo sợ .
この店は瀬戸物を売っている。,cửa hàng này có bán đồ gốm sứ .
多額の金がその橋に費やされた。,một số lượng lớn đã được đổ vào cây cầu đó .
女の子は男の子より早熟だ。,con gái thì lớn nhanh hơn con trai .
学校まで歩きます。,tôi đi bộ đến trường .
君は、窓を開けたままにしておきましたか。,bạn có đang để cửa sổ mở không ?
英語の宿題手伝ってくれない？,giúp tớ làm bài tập tiếng Anh nhé ?
雨らしい。,giống như mưa vậy .
食習慣は国により異なる。,văn hóa ăn uống khác nhau ở mỗi nước .
そんなことは起きないでしょう。,sẽ không xảy ra đâu .
ハワイの海岸は巨大な波で有名だ。,bãi biển Hawaii nổi tiếng là có những con sóng lớn .
彼が住んでいる場所は町から遠いところです。,anh ta sống ở nơi xa làng .
昨日は僕が本を読みました。,hôm qua tôi đã đọc sách .
私が格好いいと思いますか。,bạn có nghĩ tôi bảnh không ?
メキシコにはたくさんのスラムがある,có nhiều khu ổ chuột ở Mexico
君はすぐに始めた方がよい。,bạn tốt hơn là nên bắt đầu liền đi .
そのことは全く予想していませんでした。,tôi cũng không đoán được .
彼は飛行機で東京から大阪へ行った。,anh ấy đi từ Kyoto sang Osaka bằng máy bay .
彼女は数年間フランス語を勉強している。,cô ấy học tiếng Pháp vài năm nay rồi .
ありがとう、それだけだよ。,cám ơn . thôi nhé .
寒い。,lạnh .
真実のみが美しい。,chỉ có sự thật là tốt đẹp .
お客様がたくさんいます。その中で先生のクラスメートと友達が多いです。,"có rất khách , phần lớn bọn họ là bạn bè và bạn cùng lớp của thầy giáo ."
冬は私の一番好きな季節です。,mùa đông là mùa tôi thích nhất .
豚は小屋にいない。,lợn không có ở trong chuồng .
彼の批判は犬の遠吠えだ。,anh ta chỉ có thể phê bình những người khác đằng sau lưng .
私達は世界平和の維持のためにあらゆる努力をすべきだ。,chúng ta nên nỗ lực duy trì hòa bình thế giới .
私は彼女のボーイフレンドと一緒に働いている。,tôi làm cùng với bạn trai cô ấy .
彼は銀行で働いています。,tôi đang làm việc ở ngân hàng .
御注目ください。,xin hãy chú ý !
チョコレートは好きじゃない。,mình không thích sô - cô - la .
その日は雨が終日降ったりやんだりしていました。,hôm đó trời cứ mưa rồi lại hết cả ngày .
彼はよくうそをつくので、誰も彼の言うことを信じない。,"khi nó thường xuyên nói dối , không ai sẽ tin nó ."
少しめまいがするので、私はしばらく腰を下ろした。,"cảm thấy hơi chóng mặt , tôi đã ngồi xuống một lúc ."
分かった！,hiểu rồi !
ハワイにはサーフ狂がいっぱいいる。,ở Hawaii có rất nhiều người đam mê lướt sóng .
ガスの火を大きくしてください。,xin hãy bật ga lớn lên .
私は毎日電車で仕事に行きます。,tôi đi làm bằng xe tàu điện mỗi ngày .
こいつは悪いウサギだった。,đó là một con thỏ hung ác .
学校まで一緒に歩いてくれませんか。,cùng đi bộ đến trường với mình không ?
何を言ってるの！,bạn nói gì đấy ?
お金を稼ぎたいならアメリカが一番だ。,sống ở Mỹ rất thích nếu là ở đây để kiếm tiền .
マジで上手いマジシャンになりたいんだよ。,tôi thật sự muốn trở thành một ảo thuật gia tài ba .
『危険な関係』を読んだことがありますか？,"bạn đã từng đọc "" Kiken na kankei "" chưa ?"
安い辞書を買いたいんです。,tôi muốn mua một cuốn từ điển rẻ .
その子供はお母さんを見るとすぐに泣きやみました。,"ngay khi nhìn thấy người mẹ , đứa trẻ đã liền nín khóc ."
たぶん彼はまもなく来るでしょう。,anh ta chắc sắp tới rồi .
これは私の血ではない。すべて相手の返り血だ。私の身体には傷ひとつない。,đây không phải là máu của tôi mà là của đối thủ . trên người tôi không có một vết thương nào cả .
彼女の思考回路がまったく理解できない。,tôi hoàn toàn chẳng thể hiểu cách suy nghĩ của cô ấy .
彼はどこからどこまでも紳士らしい。,anh ta từ đầu đến chân trông rất quý phái .
なんで泣いてるの？,vì sao con khóc ?
値段は決して高くない。,giá cả chưa bao giờ đắt cả .
月曜日にはバスはたいてい遅れる。,xe buýt hay đến trễ vào ngày thứ hai .
田中さんは私たちの友人です。,ông Tanaka là một trong những người bạn của chúng tôi .
お父さん、何してるの？,"bố ơi , bố đang làm gì thế ?"
彼女は音楽が大好きだ。,cô ấy rất yêu thích âm nhạc .
連絡して下さい。,xin giữ liên lạc với tôi .
お酒の好みは人それぞれですからね。,mỗi người có một loại rượu ưu thích khác nhau .
此の状況を利用すべきだ。,chúng ta nên lợi dụng tình thế này .
ブラウンさんとお話させて戴く事はできますか？,tôi có thể nói chuyện với ông Brown được không ?
また明日。,mai gặp lại nhé .
私のペンは古い。新しいものが欲しい。,cây bút của tôi đã cũ rồi . tôi muốn một cái mới .
許して下さい。,xin hãy thứ lỗi cho tôi .
彼は自分の運命に屈しようとはしなかった。,anh ta sẽ không đầu hàng số phận .
マジで上手いマジシャンになりたいんだよ。,tôi thật sự muốn trở thành một ảo thuật gia tài ba .
彼は毎月お金を貯金している。,anh ta gửi tiền ngân hàng hàng tháng .
運転免許試験に合格して彼はみんなをびっくりさせた。,việc anh ấy thi đậu bằng lái xe làm mọi người rất ngạc nhiên
殺人犯は有罪判決を受けて終身刑に処せられた。,thằng giết người bị xử tù chung thân .
念のため傘持って行ったら？,"để đề phòng thì cứ mang ô theo , bạn thấy thế nào ?"
この画家は美しい絵画を創作する。,người họa sĩ này vẽ nên những bức tranh đẹp .
彼は過労のために疲れている。,anh ta mệt mỏi vì làm việc quá sức .
休みは終わった。,kỳ nghỉ từ đây kết thúc .
彼女は音楽が大好きだ。,cô rất yêu thích âm nhạc .
何時ですか？,bây giờ là mấy giờ ?
眠った方がいいよ。,bạn nên đi ngủ đi .
その番組は１週間おきに放送される。,chương trình đó được phát mỗi tuần .
彼は友達を作るコツを知っている。,anh ta biết cách kết bạn .
この車は黒い。,cái xe này màu đen .
ひさしぶりだね。また転職したんだって？,lâu rồi không gặp . tôi nghe nói bạn đã thay đổi công việc nữa hả ?
彼はすべてを明らかにして潔く責任を取るべきです。,anh ấy nên làm rõ mọi chuyện và nhận trách nhiệm như một người đàn ông .
私はたいてい夕方シャワーを浴びます。,tôi thường tắm vào buổi tối .
宇宙でどうやって食べ物をみつけるの？,làm sao để tìm được thức ăn khi đang ở ngoài không gian ?
私は動物園へ行った。,tôi đã tới vườn thú .
彼は私を好きになったと告白した。,anh ấy đã thổ lộ là thích tôi .
それは、彼や他の科学者達が何を行っているのかを知りたい人たちのためのものであった。,cái đó là để cho những người muốn biết anh ta và những nhà khoa học khác đang làm gì .
その外国人はまるで母語のように日本語を話した。,người ngoại đó nói tiếng Nhật như là tiếng mẹ đẻ của mình .
知らない。,tôi không biết .
心はあなたと共に居ます。,tôi sẽ đồng tâm với bạn .
彼はロンドンの貧しい地区に住んでいる。,anh ấy sống ở một khu nghèo của London .
ちょっと休みたい。,tôi muốn nghỉ một lúc .
私の弟はギターが上手です。,em trai tôi chơi ghi - ta rất giỏi .
約束の時間に遅れた。,trễ giờ hẹn rồi .
君はすぐにかかりつけの医者にみてもらったほうがいい。,bạn nên gặp bác sĩ tư ngay lập tức .
彼女はたぶん明日来るでしょう。,cô ấy chắc mai sẽ tới .
私は私の愛の予言を告げる星座たちの光の数を数えた。,tôi đếm tia sáng những chòm sao như một lời tiên đoán cho tình yêu của mình .
僕はすごく太ってる。,tôi mập quá .
いや、全然。,"không , không phải toàn bộ ."
２、３ページの英語を訳すのに２時間以上もかかりました。,tôi tốn hơn hai tiếng để dịch vài trang tiếng Anh .
私はもっと自立したいと思っている。,tôi muốn tự lập hơn .
多くの人が日常のことについて文を書く。,phần nhiều người ta viết về chuyện cuộc đời hàng ngày .
彼は仕事中に事故にあった。,anh ta gặp tai nạn trong khi làm việc
今日の午後三時に彼女と会うことになっている。,tôi đã hẹn gặp cô ấy lúc ba giờ chiều nay .
何かを証明しようとする場合、それが真実であるという確信を持つことは何らかの手助けになる。,nếu muốn chứng minh điều gì thì trước hết phải biết là nó đúng đã .
何してるの？,bạn đang làm gì đây ?
天然自然が荒らされていくのは残念なことだ。,lãng phí tài nguyên thiên nhiên lá một việc làm thật xấu hổ .
ちょっと・・・なに通せんぼやってんのよ。,này ! bạn đang làm con đường bị tắc nghẽn đấy !
コーラを飲んだら舌がぴりぴりした。,uống coca làm lưỡi tôi rát hết cả .
アメリカでは多くの人が家の回りにフェンスをめぐらせている。,ở Mỹ có nhiều nhà có hàng rào xung quanh .
彼女は料理がうまいそうだ。,nghe nói anh ta nấu ăn khá ngon .
でもあなたは私に言ってくれなかったでしょ！,nhưng bạn chưa nói tôi về chuyện này mà !
知らないってどういうこと？！,ý cậu là cậu không biết hả ? !
全然部屋に似合わないけど、貰ったから良し！,"đúng là nó không hợp với căn phòng , nhưng miễn phí nên lấy cũng không sao ."
私は動物園に行った。,tôi đã tới vườn thú .
遅すぎる。,muộn quá .
すぐに戻ります。,tôi trở lại mau .
こんな無意味な口論は、直ちにやめにしよう。,chúng ta nên dừng cuộc tranh cãi vô nghĩa này .
私の兄は技師になった。,anh tôi đã trở thành một kỹ sư .
盗みをするよりも飢え死にした方がましだ。,tôi thà chết còn hơn ăn cắp .
すこし待つのは気になさいますか。,bạn có thấy phiền không nếu phải chờ một vài phút ?
彼女はどうしても自分の思い通りにしようとする。,cô ta nhất định phải làm theo ý mình .
『危険な関係』を読んだことがありますか？,"bạn đã từng đọc "" Kiken na kankei "" chưa ?"
バカな質問があるんだ。,tôi cần hỏi một câu hỏi ngớ ngẩn .
どうして雪が白い色ですか。,tại sao tuyết có màu trắng ?
急いで！,mau lên !
学校は家から遠いの？,trường bạn có ở xa nhà không ?
雪が降る。,tuyết rơi .
おたふく風邪ではないでしょうか。,tôi sợ là cô bé bị quai bị rồi .
英語は３時間目だ。,anh văn là tiết thứ 3 .
彼女 に待って いる,tôi đang đợi bạn gái của tôi .
その建物は三年前に崩壊した。,Tòa nhà đó sập đổ 3 năm trước .
男性が一家の主と言うことはアメリカ社会に当てはまる。,"trong xã hội Mỹ , đàn ông là trụ cột gia đình ."
これでさらに困ったことになるだろう。,thế này thì lại càng thêm lo .
女の子は男の子より早熟だ。,con gái thì lớn nhanh hơn con trai .
この町の考え方は腐っている。,cách suy nghĩ của con người nơi làng quê này là cổ hủ .
日本の家は小さい。,nhà ở Nhật nhỏ .
やらなければならない事がありすぎる！,có nhiều thứ để làm quá !
親友は何人いる？,bạn có bao nhiêu bạn thân ?
あ！蝶々がいる！,"ô kìa , con bươm bướm !"
ホワイト氏にはたくさん友達がいるようです。,ông White có vẻ có nhiều bạn .
嵐になりそうです。,sắp có một cơn bão .
電子工学にいくつかの新しい発見が見られる。,có thể thấy một vài phát kiến mới trong kỹ thuật điện .
彼らは物質的にも精神的にも彼を支えた。,họ đã hỗ trợ cho ông cả vật chất lẫn tinh thần .
まだ晴れている間に洗濯をしなければなりません。,tôi phải giặt đồ trong khi trời còn nắng .
これは雨に濃いではないのだろうか？,không phải là có mưa thì trời sẽ tối à ?
多くの外国人が歌舞伎の良さがわかります。,nhiều người nước ngoài có thể đánh giá cao Kabuki .
彼は銀行で働いています。,tôi đang làm việc ở ngân hàng .
会社の帳簿を付けるのに２、３日かかります。,tôi đã phải mất nhiều ngày để quyết toán sổ sách của công ty .
「実を言うと、俺、高所恐怖症なんだ。」　「臆病者っ！」," nói thật là tôi rất là sợ độ cao .  "" bạn nhát quá ! """
彼以外は皆ここにいる。,mọi người đều có mặt trừ anh ta .
私は女だ。,mình là con gái .
第２次世界大戦のとき、ドイツのナチスはアウシュビッツ強制収容所でたくさんの人を殺しました。,"vào Thế chiến thứ 2 , Phát xít Đức đã sát hại rất nhiều người ở trại tập trung Auschwitz ."
席は全部ふさがっている。,tất cả chỗ ngồi đều đã có người .
彼女は背が低すぎて塀の向こうがみえなかった。,cô ta quá lùn nên không nhìn qua hàng rào được .
この本はとてもやさしいので子供でも読める。,bởi vì cuốn sách này rất dễ cho nên ngay cả trẻ con cũng có thể đọc được .
彼女はこの村に住んでいます。,cô ta sống ở làng này .
人間は考えたりしゃべったりできるという点で動物と異なる。,"con người có thể làm những việc như suy nghĩ và nói chuyện , nên khác với động vật ."
夕べ彼女が来ていたらなあ。,giá mà tối nay cô ấy đến .
「これ、プレゼント」「え、私に？ ありがとう！」," đây , quà này  - "" Hả , cho tớ à ? cám ơn nhé ! """
私は彼のフランス語を日本語に通訳した。,tôi thông dịch những lời anh ta nói từ tiếng Pháp sang tiếng Nhật .
「ありがとうご座います」「どう致しまして」," cám ơn .  "" không có chi . """
君が私を愛しているよりもおおく私は君を愛している。,anh yêu em hơn em yêu anh .
彼はヨットで太平洋を横断した。,anh ta vượt qua Thái Bình Dương bằng một con thuyền buồm .
彼女はとてもあっさりした性格だ。,tính cách cô ấy rất cởi mở .
ここで予約をしてもらえますか。,tôi có thể đặt chỗ trước ở đây không ?
コーヒー飲みますか。,anh uống cà phê không ?
ワードプロセッサーの使い方を知っていますか。,bạn có biết cách sử dụng phần mềm soạn thảo văn bản không ?
アメリカの警官は青い制服を着ている。,cảnh sát Mỹ mặc đồng phục màu xanh da trời .
彼は彼の人生の話を私にしてくれた。,anh ấy nói với tôi chuyện đời của anh .
それは僕自身でやりたい。,tôi muốn tự mình làm chuyện đó .
彼らが先週忙しかったですか。,tuần trước họ bận à ?
今日の数学はいつもより楽しかった。,giờ học Số học hôm nay thú vị hơn mọi ngày .
違うよ、新しい彼じゃない。,"không , anh ấy không phải bạn trai mới của tôi ."
私のは６時の飛行機です。,chuyến bay của tôi sẽ khởi hành lúc 6 giờ .
次に何をしましょうか。,tiếp theo tôi phải làm gì ?
そういうものなんです。,từ xưa đến giờ đả luôn luôn như vậy rồi .
起きて！,dậy đi !
そんなことは嫌いだ。,tôi ghét những thứ đó .
私は注目を集めたかったわけではない。,không phải là tôi đã muốn thu hút sự chú ý .
「信用して」と彼は言った。," tin tôi đi ,  anh ấy nói ."
このシステムには、保護回路が組み込まれています。,"với hệ thống này , mạch bảo vệ đã được thiết kế tích hợp bên trong ."
決して学ぶのに遅すぎるということはない。,không bao giờ trễ quá để học hỏi .
靴が小さすぎるから新しいのを買う必要があるな。,"giày của tôi bé quá , tôi cần đôi mới ."
外は真っ暗だ。,bên ngoài trời rất tối .
この仕事をしない方がいいよ。,công việc này bạn đừng làm thì hơn .
わたし達はたくさん歩きました。,chúng tôi đã đi bộ rất nhiều .
学校は８時半から始まる。,giờ học bắt đầu lúc 8 giờ .
龍は空想の動物だ。,rồng là động vật không tưởng .
私はそのような美しい女の子を一度も見たことがありませんでした。,tôi chưa từng gặp một cô bé nào xinh đẹp như vậy cả .
雨は間もなくやむでしょう。,sẽ tạnh mưa sớm thôi .
それを建てるのに何年もかかった。,người ta đã mất nhiều năm để xây nó .
値段は決して高くない。,giá cả chưa bao giờ đắt cả .
嵐になりそうです。,một cơn bão sắp đến .
分かりません。,tôi không hiểu .
冗談はやめて。,đừng đùa nữa .
知らない。,không biết .
どのカップがあなたのですか。,cái tách nào là của bạn ?
最初着る前に洗濯してください。,giặt trước khi mặc lần đầu .
知らないってどういうこと？！,ý cậu là cậu không biết hả ? !
何と言ったら良いか分かりません。,tôi hết lời để nói .
子供達の教育にはかなりの額がかかった。,tôi đã khá tốn tiền học cho bọn trẻ .
彼女はピアノを弾くのがあまり上手ではありません。,chị ấy chơi piano không thật thành thạo .
彼はヨットで太平洋を横断した。,anh ta vượt qua Thái Bình Dương bằng một con thuyền buồm .
あの方が言われる事を、何でもしてあげて下さい。,tốt nhất là hãy làm theo mọi thứ anh ấy nói với bạn .
我慢してください。時間がかかります。,"làm ơn kiên nhẫn một chút đi , cái này phải tốn thì giờ ."
私はこれが好きです。,mình thích cái này .
彼女はたぶん明日来るでしょう。,cô ấy chắc mai sẽ tới .
「久しぶりにトムの笑顔見た。最近ずっと暗い顔してたから心配してたんだよ」「そうなの？ ごめんね、心配かけて」," đã lâu rồi không thấy Tom cười . gần đây vẻ mặt của Tom suốt ngày ủ rũ nên tôi thấy lo lắm .  "" vậy à ? xin lỗi đã làm bạn lo lắng "" ."
だけど、ここではそんなに簡単ではないんです。,"nhưng ở đây , không dễ dàng như vậy đâu ."
あなたはどれくらいの睡眠時間が必要ですか。,bạn cần bao nhiêu tiếng đồng hồ để ngủ vậy ?
そのうわさは本当だと思う。,tôi nghĩ tin đồn đó là thật .
何ですか。,cái gì thế ?
和子さんはお姉さんによく似ています。,anh / chị Kazuko rất giống với chị của anh / chị ấy .
父は上手に英語を話します。,cha tôi nói tiếng Anh giỏi .
私が駅を出た時、男の人を見た。,"khi tôi ra khỏi ga xe lửa , tôi gặp một gã đàn ông ."
あなたは大学で何を勉強したいのですか。,bạn muốn học gì ở trường đại học .
友達も家族も皆死んでしまっています。,bạn bè và người thân của tôi đã qua đời hết .
母は家族の中で最も忙しい。,mẹ tôi là người bận nhất trong nhà .
何？,cái gì ?
彼女の父は心臓病で病人になってしまった。,cha của cô ấy trở thành người tàn tật sau cơn đau tim .
あまりの暑さに我々は長く歩けなかった。,trời rất nóng nên chúng ta không thể đi bộ lâu được .
野菜を食べたら？,sao không ăn rau vậy ?
自由について私に話したかったの？,bạn muốn nói với tôi về sự tự do hả ?
何が言いたいのか分からないなあ。,tôi không biết ý của bạn là gì .
私は動物園へ行った。,tôi đã tới vườn thú .
なぜそんなことを私に話したか。,tại sao anh kể điều đó với tôi ?
彼は車に轢かれた。,anh ta đã bị xe cán .
君は僕をいらいらさせる。,mày làm tao tức quá !
あなたの忠告がなかったら、私は成功しなかっただろう。,không nhờ có lời khuyên của bạn thì có lẽ tôi đã chẳng thành công .
隣に住んでるのに、彼は私たちにあいさつさえしない。,"mặc dù nhà gần nhau , anh ta chưa từng chào hỏi chúng tôi ."
とにかく落ち着いて。,dù sao thì hãy cứ bình tĩnh .
列車で出勤しますか？,bạn có thể đến văn phòng bằng xe hỏa không ?
その少女はサンタクロースがいると今も信じている。,cô ấy vẫn còn tin vào ông già Noel .
１００万人の人々がその戦争で命を落とした。,một triệu người đã ngã xuống trong cuộc chiến đó .
聞けば聞くほどますます面白くなる。,càng nghe càng thấy trở nên thú vị .
私の弟は上手にギターを弾けます。,em trai tôi chơi ghi - ta rất giỏi .
それをするより他はない。,tôi không có gì tốt hơn để làm hết .
彼は速く泳げる。,anh ta có thể bơi nhanh .
とても疲れているので、もうこれ以上歩けない。,tôi quá mệt rồi nên không đi bộ được nữa đâu .
水泳では兄といい勝負だ。,tôi có thể bơi ngang ngửa với anh tôi .
頑張ってください。,xin hãy cố gắng .
私は注目を集めたかったわけではない。,không phải là tôi đã muốn thu hút sự chú ý .
とても暑くて、車のボンネットで卵が焼けるよ。,nóng đến nỗi mà có thể luộc trứng trên nóc xe .
レッド先生が私に国語を教えてくれた。,cô Red dạy tôi tiếng Nhật .
あなたは全く間違っています。,bạn đã hoàn toàn sai lầm .
私はカメラマンです。,tôi là một nhiếp ảnh gia .
これ誰のですか？,cái này của ai vậy ?
ひさしぶりだね。また転職したんだって？,lâu rồi không gặp . tôi nghe nói bạn đã thay đổi công việc nữa hả ?
あなたがこの本の著者ですか？,bạn có phải là tác giả của cuốn sách này không ?
驚くじゃありませんか！,anh làm tôi bàng hoàng !
そこは新しい家が密集する地域だ。,khu vực đó đầy rẫy nhà mới .
彼女は、信じられないほどに世間知らずだ。,cô ta ngây thơ đến mức khó tin .
ちょっと休みたい。,tôi muốn nghỉ ngơi một chút .
起こしてくれる必要はなかったのに。,bạn không cần phải đánh thức tôi .
私は泳ぐのがとても好きだ。,tôi rất thích bơi .
この靴は私の足に合わない。,đôi dép này không vừa chân tôi .
私はジャズが好きです。,tôi thích nhạc jazz .
食事中本を読んだ。,tôi đọc sách lúc ăn cơm .
彼はボート作りの過程を説明した。,anh ấy giải thích quá trình xây dựng chiếc thuyền .
メキシコにはたくさんのスラムがある,có nhiều khu ổ chuột ở Mexico
ジョンもまたえらい選手だった。,John cũng là một tuyển thủ giỏi .
誰も来なかった。,không ai tới hết .
世界で一番多いファーストネームはモハメッドだ。,cái tên thông dụng nhất trên thế giới là Mohammed .
私とテニスをしませんか。,bạn có muốn chơi tennis với tôi không ?
同性愛者ですが何か？それが犯罪だとでも？,bị gay thì sao ? cái đó cũng là tội à ?
その地域ではまだ食料が不足している。,khu vực đó vẫn còn đang thiếu lương thực .
彼は金でメダルを作った。,anh ta tạo ra huy chương bằng vàng .
理論を実践と結び付けることが重要である。,cần phải kết hợp giữa lý thuyết và thực hành .
ブラウンさんとお話させて戴く事はできますか？,có thể cho tôi nói chuyện với ông Brown được không ?
何の話をしていたっけ？,bạn vừa nói gì ?
ジョンもまたえらい選手だった。,John cũng là một tuyển thủ giỏi .
イタリア語では何と言うのですか。,trong tiếng Ý cái đó nói thế nào ?
私は毎朝、川沿いに犬を散歩させる。,tôi dắt cho đi dạo dọc theo con sông vào mỗi sáng .
高校時代について最も後悔することを人々に尋ねると大抵の人は決まってこう言う。時間を無駄にしすぎていた、と。,khi tôi hỏi mọi người điều gì khiến họ cảm thấy tiếc nuối khi còn đi học thì phần đông đều trả lời rằng họ đã lãng phí quá nhiều thời gian .
今日は６月１８日で、ムーリエルの誕生日です！,"hôm nay là ngày 18 tháng sáu , và cũng là ngày sinh nhật của Muiriel !"
１週間に一度ここで集まりましょう。,chúng ta hãy tập hợp ở đây 1 tuần 1 lần .
君はすぐにかかりつけの医者にみてもらったほうがいい。,bạn nên gặp bác sĩ tư ngay lập tức .
わざとやったのね！,bạn cố ý làm phải không !
新聞どこ？,báo đâu ?
変ですね。,lạ nhỉ .
待って。誰かが私のドアを叩きました。,"chờ tí , có ai đang gõ cửa ."
世界で一番多いファーストネームはモハメッドだ。,cái tên thông dụng nhất trên thế giới là Mohammed .
魚は水の外では生きられない。,cá không thể sống mà không có nước .
この業界ではもう年をとりすぎている。,tôi đã quá già cho thế giới này .
我々はその計画を実行しなければならない。,chúng ta phải thực hiện kế hoạch đó .
彼女は誕生日プレゼントにアルバムをくれた。,chị ấy cho tôi một anbum ảnh làm quà sinh nhật .
生徒たちが皆拍手しました。,mọi học sinh đều vỗ tay .
私は車を運転できるが、トムはできない。,"tôi biết lái xe ô - tô , nhưng Tom thì không ."
私の趣味は買い物です。,sở thích của tôi là đi mua sắm .
彼は妻にシャツを直してもらった。,anh ta được vợ vá cái áo .
彼は毎月お金を貯金している。,anh ta gửi tiền ngân hàng hàng tháng .
私のチョコレートを食べることを考えさえしないで。,đừng nghĩ là ăn sôcôla của tôi được nghe !
あ！蝶々がいる！,"ô kìa , con bươm bướm !"
彼に何も言わなかったの？,bạn không nói với anh ấy cái gì à ?
もし世界が今の形をしていなかったら、私は誰でも信用できうる。,"nếu thế giới không như bây giờ , thì tôi có thể tin ai cũng được ."
彼は妻にシャツを直してもらった。,anh ta được vợ vá cái áo .
君にはうんざりしたよ。,tôi chán ngấy anh rồi .
犬はどこだろう？,con chó đâu rồi ?
多くの外国人が歌舞伎の良さがわかります。,nhiều người nước ngoài có thể đánh giá cao Kabuki .
君はすぐに始めた方がよい。,bạn tốt hơn là nên bắt đầu liền đi .
女王様が長生きされますように。,đức nữ hoàng muôn năm !
彼女は背が低すぎて塀の向こうがみえなかった。,cô ta quá lùn nên không nhìn qua hàng rào được .
彼はボート作りの過程を説明した。,anh ấy giải thích quá trình xây dựng chiếc thuyền .
イギリスには左側に通行します。,"bên Anh Quốc , người ta đi bên trái ."
私の特技は、いつでもどこでも誰とでも友達になれちゃうことなの。,"khả năng đặc biệt của tôi là có thể làm bạn với bất kỳ ai ở mọi lúc , mọi nơi ."
私には父親が手品師をしている友人がいます。,tôi có một người bạn có bố là ảo thuật gia .
元気そうだね。,bạn trông khỏe nhỉ .
新しい校舎は村の誇りだ。,ngôi trường mới xây là niềm tự hào của xã .
医者に相談した方がいいよ。,bạn nên nhờ bác sỹ tư vấn thì hơn .
私は毎朝、川沿いに犬を散歩させる。,tôi dắt cho đi dạo dọc theo con sông vào mỗi sáng .
雨は間もなくやむでしょう。,sẽ tạnh mưa sớm thôi .
とにかく原因を調べなければならない。,"dù sao đi nữa , chúng tôi đã điều tra nguyên nhân ."
このスープの味はどうですか。,súp có ngon không ?
わたしがいなくて淋しいと思った？,có nhớ tôi không ?
声変だよ。どうしたの？,sao giọng bạn nghe lạ vậy . bạn bị sao à ?
今度はあなたが運転する番だ。,lần này đến lượt bạn lái .
来年で彼は１０年パリに住んでいることになる。,năm tới đánh dấu 10 năm anh ta sống ở Paris .
人は健康には気をつけねばならない。,mình nên tự lo cho bản thân mình .
その番組は１週間おきに放送される。,chương trình đó được phát mỗi tuần .
先週中国語を習い始めました。,tuần trước tôi mới bắt đầu học tiếng Trung quốc .
何？,cái gì ?
面接はうまくいきました！,tôi đã thể hiện rất tốt ở buổi phỏng vấn !
禁煙席をお願いします。,xin cho tôi ghế không hút thuốc
大抵の人は僕を気違いだと思っている。,phần nhiều người ta nghĩ tôi điên .
この本はとてもやさしいので子供でも読める。,bởi vì cuốn sách này rất dễ cho nên ngay cả trẻ con cũng có thể đọc được .
日本経済は急速に成長した。,kinh tế Nhật Bản đang phát triển nhanh chóng .
わが国は海産物に恵まれている。,đất nước chúng tôi giàu hải sản .
残念ながらそれは本当なのです。,tiếc rằng cái đó là sự thật .
彼は変わった人だ。,anh ta là một người kỳ lạ .
元気？,Khỏe không ?
彼は牛と馬を飼育している。,anh ta nuôi bò và ngựa .
その俳優がとても才能があることについては、あなたと同じ意見です。,tôi đồng ý với bạn diễn viên đó rất tài năng .
こんな無意味な口論は、直ちにやめにしよう。,chúng ta nên dừng cuộc tranh cãi vô nghĩa này .
私はあなたに本当の事を話そう。,tôi định sẽ nói với anh sự thật
ちょっと疲れてしまって。,tôi hơi mệt .
あなたはその切符を買うために、列に並ばなければなりません。,bạn phải xếp hàng để mua vé .
ちょっと休みたい。,tôi muốn nghỉ ngơi một chút .
君が側にいてくれれば何もいらない。,có em bên cạnh thì bây giờ mọi thứ đều ổn cả rồi .
私は、あなたは彼女のことを好きだと思う。,mình nghĩ cậu thích cô ấy .
ある日曜日の朝、ジョージは自宅の居間に乱入するやいなやこう言った。,"một buổi sáng Chủ Nhật , Josh xâm nhập vào phòng khách nhà người ta và nói những điều ấy ."
彼の話し方は、女みたいだ。,cách nói chuyện của anh ta giống như đàn bà .
昨年ロンドンへ行きました。,chúng mình đi qua London năm vừa rồi
ちょっとお父さん！これはどういうこと？！誰もいないはずだと言ったのに。,ba ! vậy là sao ! sao ba bảo sẽ không có ai mà .
彼は危うく溺死するところだった。,anh ấy suýt chút nữa thì chết đuối .
考えをもつことはいいことだ..そう思わない？,có lý tưởng là điều tốt ... bạn nghĩ sao ?
彼の批判は犬の遠吠えだ。,anh ta chỉ có thể phê bình những người khác đằng sau lưng .
空は青い。,trời xanh .
私はときどき彼女から電話をもらう。,tôi thỉnh thoảng nhận được một cuộc gọi từ cô ấy .
私はこの三倍の大きさの箱が欲しい。,tôi muốn cái hộp lớn ba lần so với cái này .
あなたはいつからラテン語を勉強しましたか。,anh học tiếng La - tinh từ bao giờ ?
彼はその薬を飲んだためにかえっていっそう病気が悪くなった。,uống thuốc xong bệnh tình anh ta ngược lại còn xấu đi nhiều .
１１時になっているよ。,đã mười một giờ rồi .
私は泳ぐのがとても好きだ。,tôi rất thích bơi .
これを試着してもいいですか。,tôi mặc thử đồ này được không ?
今週はずっと大変忙しい。,tuần này tôi rất bận .
殺害の動機は明らかではない。,động cơ của vụ án mạng chưa được làm rõ .
来年で彼は１０年パリに住んでいることになる。,năm tới đánh dấu 10 năm anh ta sống ở Paris .
その老人はかしこくて人生について多くを知っている。,"cụ ông đó là người khôn ngoan , biết rất nhiều về cuộc sống nhân sinh ."
ここに来な。,lại đây nào .
彼女は料理がうまいそうだ。,nghe nói anh ta nấu ăn khá ngon .
僕が最後に自分の考えを伝えた人は、僕を気違いだと思ったようだ。,người trước tôi nói ý kiến với tưởng tôi điên .
「洞穴の中で何が起こっているんだろう？すごく知りたいなあ」　「見当もつかないよ」," trong hang đang xảy ra chuyện gì vậy ? tôi rất là tò mò .  "" tôi cũng không biết nữa . """
彼女は赤い服を着ていた。,cô ấy mặc đồ đỏ .
雨が降っていて、子供たちは庭で遊べない。,"trời đang mưa , trẻ con không thể ra ngoài sân chơi ."
私の願いはかなえられた。,lời cầu nguyện của tôi đã được đáp lại .
小川がさらさらと流れる音が聞こえる。,dòng sông nhỏ chảy róc rách .
金持ちかどうかどうでもいいって！,tôi đã bảo giàu có hay không không quan trọng rồi !
あいにく私はお金を持っていない。,rất tiếc là tôi không mang tiền .
君はそんなマニアックな古い車を運転しているのかい！,bạn đang lái xe cứ như một kẻ điên vậy !
その少年は大人のような口の利き方をする。,thằng bé ấy nói chuyện như người lớn .
母親がドアをノックした。,mẹ của anh ta gõ cửa .
彼女は行かないことに決めた。,cô ta quyết định không đi .
Tomさんは直ぐにあなたに事務所であいたがっている。,Tom muốn gặp cậu trong văn phòng ngay lập tức .
そのことを後悔しながら余生を送りたくない。,tôi không muốn cả đời hối tiếc vì chuyện này .
彼の才能にもかかわらず、彼はあいかわらず、無名だ。,mặc dù có tài anh ta vẫn là người vô danh .
その知らせに彼女は青ざめた。,"lúc nghe được tin đó , mặt cô ấy tái xanh ."
火災報知器が鳴った。,chuông báo cháy đã vang lên .
答えが分かったんだ、でもあまりにすぐに分かったものだから正解であるはずがないんだ。,"tôi đã tìm ra cách , nhưng mà tìm ra nhanh thế này thì chắc hẳn đó không phải là cách hay rồi ."
いいえ、手伝いませんでした。,"không , tôi chưa hề giúp ."
星が空に瞬いていた。,các vì sao đang lấp lánh trên bầu trời .
私の母はあまり英語が上手に話せない。,mẹ của tôi không nói tiếng Anh giỏi lắm .
また明日。,mai gặp lại nhé .
しかし、逆もまた真である。,"nhưng , sự trái ngược cũng luôn luôn có lý ."
彼女は行かないことに決めた。,cô ta quyết định không đi .
あまりにたくさんの仕事があるので、私はもう１時間います。,"tôi còn nhiều việc phải làm quá , chắc phải ở lại thêm một tiếng đồng hồ nữa ."
愛してる。,anh phải lòng em .
何が問題なの？,vấn đề ở đâu ?
私は彼がコンサートで歌うのを聞いた。,tôi nghe anh ta hát ở buổi biểu diễn ở nhà hát .
昨日は私の誕生日でした。,hôm qua là sinh nhật của tôi .
逃げよう。サツが来てる。,mau rời khỏi đây . cảnh sát tới bây giờ .
彼は仕事中の事故でケガをした。,anh ta bị thương trong khi làm việc
日本経済は急速に成長した。,kinh tế Nhật Bản đang phát triển nhanh chóng .
その男は太りすぎていて１人では動けなかった。,anh ta quá mập nên không thể tự mình di chuyển .
ひさしぶりだね。また転職したんだって？,lâu rồi không gặp . tao nghe nói mày đã thay đổi công việc nữa hả ?
もし２、３分お許しいただければ、電話をかけたいのですが。,"nếu anh không phiền đợi 2,3 phút , tôi đang cần gọi điện ."
私が話しているときは私を見て！,làm ơn nhìn mặt tôi khi nói chuyện !
先週中国語を習い始めました。,tuần trước tôi mới bắt đầu học tiếng Trung quốc .
男性は色っぽい女性が大好きなのです。,đàn ông thích phụ nữ gợi cảm .
学校は好き？,cậu có thích trường học không ?
彼はとても親切だ！,nó rất dễ thương .
やあ！元気？,Ê ! Khỏe không ?
盗みをするよりも飢え死にした方がましだ。,tôi thà chết còn hơn ăn cắp .
私が知る限り、彼はいいやつだ。,như tôi đã biết thì anh ta thật sự là một chàng trai tốt bụng .
飛行機は墜落する前に地面すれすれに飛んだ。,chiếc máy bay đã bay sát mặt trước khi nó đâm sầm xuống .
開けろ。,mở ra .
みんなあなたに会いたがってる。あなたは有名なのよ！,mọi người muốn gặp bạn vì bạn nổi tiếng !
こんな寒い日にコートなしでは出かけたくない。,tôi không muốn ra ngoài vào ngày trời lạnh thế này mà không có áo choàng .
頭痛がする。,tôi bị nhức đầu .
最前列で絵を描いている女の子は私の姪です。,cô gái đang vẽ tranh ở hàng đầu tiên là cháu gái của tôi .
裁判はお金がかかる。,công lý rất đắt .
口を開けてください！,mở miệng ra !
彼は暗いところで何か捜し物をしていた。,anh ấy vừa tìm gì đó trong bóng tối .
これは私の血ではない。すべて相手の返り血だ。私の身体には傷ひとつない。,đây không phải là máu của tôi mà là của đối thủ . trên người tôi không có một vết thương nào cả .
私は海の近くに住んでいるのでよく海岸に行きます。,tôi ở gần biển cho nên có nhiều cơ hội đi ra biển chơi .
家に帰りましょうか。,sao mình không đi về đi ?
彼女はどうしても自分の思い通りにしようとする。,cô ta nhất định phải làm theo ý mình .
彼の話はみんなを楽しませた。,câu chuyện của anh ta đã làm mọi người thích thú .
私は自由だと感じている。,tôi cảm thấy mình rất tự do .
バイクはいいなあ、渋滞の中でもすいすいと通り抜けられて。,xe máy tuyệt thật đấy . nó có thể luồn lách qua dòng xe kẹt cứng một cách trôi chảy .
ジョージが来るかどうか知りません。,tôi không biết George có đến hay không .
おいしいもの食べてるときが何より幸せ。,không có gì sướng bằng được ăn đồ ăn ngon .
彼女は生徒達との関係がとてもうまくいっている。,cô ấy có mối quan hệ tốt với các học sinh .
事態はわれわれの冷静な判断を必要としている。,điều quan trọng là chúng ta phải xử lý tình huống một cách bình tĩnh .
気づいてた？,bạn có để ý thấy không ?
このパソコン、ネットつながってますか？,máy tính này có kết nối internet được không ?
私が格好いいと思いますか。,bạn có nghĩ tôi ngầu không ?
私たちはそのとき急いでいた。,lúc đó chúng tôi đang rất vội .
その建物は三年前に崩壊した。,Tòa nhà đó sập đổ 3 năm trước .
星は彼女の上で輝き・・・。,những ngôi sao lấp lánh trên cô ấy ...
私は子供のころから冒険が好きだった。,từ thuở còn nhỏ tôi đã thích phiêu lưu .
しかしながら、私はあなたの御意見に賛成できません。,"mặc dù vậy , tôi không thể tán thành với ý kiến của bạn ."
何か私にできることがありましたらお知らせ下さい。,cần gì thì cứ việc nói với tôi .
私はこの天気が大嫌いだ。,tôi rất ghét cái thời tiết này .
私はひらめきを失った。,tôi đã mất hưng .
彼は全力を尽くしたが、すぐにあんな早いランナーには勝てないことがわかった。,anh ta đã nỗ lực hên mình nhưng ngay sau đó nhận ra mình không thể thắng người chạy đó với tốc độ nhanh như thế kia được .
バスに傘を忘れるとは彼女はそそっかしい。,cô đã bất cẩn để quên chiếc ô trên xe buýt .
彼女は誕生日プレゼントにアルバムをくれた。,chị ấy cho tôi một anbum ảnh làm quà sinh nhật .
マイクさんいらっしゃいますか。,có Mike ở đó không ?
健康が私にとってすべてです。,sức khỏe là tất cả đối với tôi .
心はあなたと共に居ます。,tôi sẽ đồng tâm với bạn .
彼女はすぐに結婚したかった。,cô ấy đã muốn kết hôn ngay lập tức .
人ごみは大嫌い。,tôi ghét những lúc đông người .
「僕のこと嫌い？」「ううん」「じゃあ好き？」「なんで聞くの？」," em có ghét anh không ?  - "" Không "" - "" Vậy là thích anh chứ gì ? "" - "" Tự nhiên hỏi làm gì ? """
いびきをかくことは認めるよ・・・。,tôi phải nhận là tôi có ngáy ...
何かこのひもを切るものを貸して下さい。,cho tôi mượn cái gì đấy để cắt sợi dây này .
船は明日の朝ホノルルを出る。,con Tàu sẽ rời khỏi Honolulu vào ngày mai
雪で何も見えなかった。,chúng tôi đã chẳng thể nhìn được gì vì tuyết rơi
トランプを樫のテーブルに置いて。,làm ơn để bộ bài trên bàn gỗ sồi .
トムは一人でいるのが好きだ。,tôm thích ở một mình .
喉が渇いた。,tôi khát nước .
彼は急いで空港にいった。,anh ta gấp rút đến phi trường .
我々はお互いに身振りで意見を伝えあった。,chúng tôi truyền đạt ý tưởng cho nhau bằng cử chỉ .
私の車は、昨日故障したのだが、まだ修理できていない。,xe của tôi bị hư từ hôm qua đến giờ vẫn chưa sửa được .
欲しいものがみつかると、決まって高いものだ。,hễ tôi kiếm được cái gì tôi thích thì nó lại đắt quá .
気がのらない。,bây giờ tôi không có hứng .
私は車の運転方法を知らない。,tôi không biết lái xe .
彼女は私たちの提案を拒絶した。,cô ta từ chối đề án của chúng tôi .
私は学生の頃、よくあのピザ店へ行ったものだった。,hồi còn đi học tôi hay đến tiệm pizza đó .
その病院は先月開業した。,bệnh viện đó bắt đầu hoạt động từ tháng trước .
あなたが欲しいだけ取りなさい。,cứ lấy bao nhiêu bạn muốn .
もっと時間が必要だ。,tôi cần thêm thì giờ .
探す人が、見つけるのだ。,tìm thì sẽ thấy .
少しめまいがするので、私はしばらく腰を下ろした。,"cảm thấy hơi chóng mặt , tôi đã ngồi xuống một lúc ."
大好き。,mình rất thích bạn .
私達はその計画を実行した。,chúng tôi thực hiện kế hoạch đó .
誰が次に行きたいですか。,ai muốn đi tiếp theo ?
先生は横になっているように言われた。,bác sĩ bảo tôi nằm xuống .
ガスの火を大きくしてください。,xin hãy bật ga lớn lên .
それは僕自身でやりたい。,tôi muốn tự mình làm chuyện đó .
外国語がとっても楽しいと分った。,tôi thấy ngoại ngữ rất thú vị .
その噂は本当だと信じられている。,người ta tin rằng lời đồn đại này là thật .
彼女はだいたい私と同じ年頃だ。,cô ấy tuổi cỡ ngang tôi .
驚かない所をみると知ってたのね。,"anh có vẻ không bất ngờ nhỉ , chắc anh đã biết cả rồi ."
今朝トムからメールが来ました。,sáng nay tôi nhận được thư của Tom .
くじで誰が勝つか決めよう。,chúng ta hãy bỏ phiếu để quyết định người thắng cuộc .
田中さんは私たちの友人です。,ông Tanaka là một trong những người bạn của chúng tôi .
生物学の先生がSoniaと言います。,cô giáo môn sinh học tên là Sonia .
トムはメアリーにもらった鍵でドアを開けた。,Tom dùng chìa khóa Mary đưa cho để mở cửa .
君静かにしろよ。,mày im ngay .
心配しないで。,đừng lo .
必ずドアに鍵を掛けるようにして下さい。,hãy chắc chắn rằng cửa đó đã đóng rồi .
京都を訪問すべきだよ。古いお寺や神社で有名だから。,"bạn nên đến Tokyo , nơi nổi tiếng với những địa danh như ngôi chùa cổ , đền Shinto ..."
分かった！,hiểu rồi !
この辺は全く不案内です。,tôi không rành nơi này lắm .
私はもっと自立したいと思っている。,tôi muốn tự lập hơn .
私たちはそのとき急いでいた。,lúc đó chúng tôi đang rất vội .
哲学は難しいと見なされることが多い。,triết học thường được xem là khó .
その老人は先週なくなりました。,ông lão đó đã qua đời tuần trước .
良い考えだね！,ý định tốt !
彼はたくさんの物語を書いた。,anh ta đã viết nhiều câu chyện .
すみません、お塩を取っていただけませんか？,làm phiền bạn lấy giùm tôi lọ muối được không ?
みんなから近寄りがたいってよく言われます。,mọi người thường nói tôi khó gần .
そうか？,vậy hả ?
彼女は日本語を勉強しようと日本に来た。,cô ấy đến Nhật để học Nhật ngữ .
Wang氏は中国出身だ。,ngài Wang đến từ Trung Quốc
おなか空いた！,tôi đói quá rồi !
この靴は私の足に合わない。,đôi dép này không vừa chân tôi .
チャンスを最大限に活用してみるべきだ。,bạn nên cố tận dụng tối đa những cơ hội mà mình có .
彼の悲観論は周囲の人々滅入らせた。,sự bi quan của anh ta làm suy sút tinh thần những người xung quanh .
この靴はいくらですか？,đôi giày này bao nhiêu tiền vậy ?
お誕生日おめでとうムーリエル！,"chúc mừng sinh nhật , Muiriel !"
こんなに明らかなことをわざわざどうやって説明したらいいのか分からない。,"tôi không biết phải trình bày thế nào , bởi vì nó đã quá rõ ràng rồi ."
猫が机の上に座る。,con mèo ngồi ở trên bàn
私はもっと一生懸命勉強するように弟を説得した。,tôi đã thuyết phục em trai cố gắn học hơn nữa .
私はカメラマンです。,tôi là một nhiếp ảnh gia .
今日の朝も子供の泣き声で目が覚めた。,hôm nay cũng vì tiếng trẻ con khóc mà dậy .
とにかく誰かをぶたないと気が済まない。,tôi muốn đấm ai đó cho thỏa thích .
今年、注目している選手は誰ですか。,"năm nay , tuyển thủ đang được chú ý là ai vậy ?"
彼女はそのことについて話したくないんだよ。,cô ấy không muốn nói về chuyện đấy .
アメリカでは多くの人が家の回りにフェンスをめぐらせている。,ở Mỹ có nhiều nhà có hàng rào xung quanh .
学校は好き？,cậu có thích trường học không ?
会社の帳簿を付けるのに２、３日かかります。,tôi đã phải mất nhiều ngày để quyết toán sổ sách của công ty .
私は今ギターをひいています。,tôi đang chơi guitar .
彼に何も言わなかったの？,bạn không nói với anh ấy cái gì à ?
また後でかけ直していただけませんか？,bạn có thể gọi lại được không ?
君には何が起こるか分かるんじゃないかと思うけどね。,chắc bạn cũng đoán được cái gì xảy ra mà .
結婚の利益は、女性の本質を知ることであり、結婚の損失は、女性への幻滅を知ることである。それ故に結婚しない小説家は、未だ女を書くことが出来ない。結婚した詩人は、もはや女を歌うことができない。,"sự được mất của kết hôn là thấu hiểu được , đồng thời là vỡ mộng , về bản chất của phụ nữ . bởi vậy những tiểu thuyết gia còn độc thân chẳng biết viết gì về phụ nữ , còn những thi sĩ đã lập gia đình chẳng buồn ngợi ca phụ nữ nữa ."
失礼ですが、この席は空いていますか。,cho hỏi chỗ này có ai ngồi chưa ?
電車が停まるまで開けないで。,đừng mở trước khi xe lửa ngừng lại .
とにかく誰かをぶたないと気が済まない。,tôi muốn đấm ai đó cho thỏa thích .
私の弟は上手にギターを弾けます。,em trai tôi chơi ghi - ta rất giỏi .
子供達の中の１人は勉強していますが他の子供達は全員遊んでいます。,trong đám trẻ chỉ có 1 đứa đang học còn lại thì lo chơi .
彼はまるで何日間も食べていないかのように見えた。,nhìn anh ta như thể đã không ăn gì trong nhiều ngày .
公園にたくさんのアベックがいた。,có rất nhiều cặp tình nhân ở công viên .
母は変わり者です。,mẹ tôi là người lập dị .
何を作ったの？,bạn tạo ra cái gì vậy ?
探す人が、見つけるのだ。,tìm thì sẽ thấy .
それは私じゃないよ、理事長！,"sếp à , không phải tôi đâu !"
信じられない！,tôi không tin !
君が来るかどうかは私にとってはどうでもよいことだ。,bạn có đến hay không đối với tôi không quan trọng .
眠った方がいいよ。,bạn nên đi ngủ đi .
私は毎日６時に起きる。,mỗi ngày tôi dậy lúc 6 giờ .
その会社は高品質の製品で知られている。,công ty đó được biết đến qua các sản phẩm chất lượng cao của họ .
１１時の列車に乗るつもりです。,tôi tính đi chuyến tàu 11 giờ .
何をしてたと思う？,bạn nghĩ tôi đang làm gì ?
彼はかなりうまく英語を話す。,anh ta nói tiếng Anh khá tốt .
一人で旅行するのが好きです。,tôi thích đi du lịch một mình .
彼の反抗的な態度に上司は腹を立てた。,thái độ thách đố của anh ta khiến thủ trưởng tức giận .
そのことを決めるのは君の役目だ。,quyết định điều đó là trách nhiệm của bạn .
分からない言葉がたくさんある。,có nhiều chữ tôi không hiểu .
その少女はサンタクロースがいると今も信じている。,cô ấy vẫn còn tin vào ông già Noel .
彼女はお母さんの手伝いをすべきだ。,cô ta nên phụ giúp mẹ mình .
まず京都にいく。,"đầu tiên , chúng ta sẽ đi đến Kyoto ."
明日までにパーティーの準備を終えなければなりません。,cho đến sáng mai phải chuẩn bị xong bữa tiệc .
彼女は短編小説作家です。,bà ấy viết truyện ngắn .
「信用して」と彼は言った。," tin tôi đi ,  anh ấy nói ."
シェイクスピアは、イギリスが生んだ最大の詩人です。,Shakespeare là nhà thơ vĩ đại nhất mà nước Anh có được .
彼の父親は医者ですか。,cha của anh ta có phải là bác sĩ không ?
こっちに明かりをむけてくれないか。,xoay đèn lại hướng này giùm .
彼女の思考回路がまったく理解できない。,tôi hoàn toàn không thể hiểu nổi cách suy nghĩ của cô ấy .
これは私の自動車です。,đây là xe hơi của tôi .
驚くじゃありませんか！,anh làm tôi bàng hoàng !
心配しないで。,đừng lo .
その少女はお母さんに似ている。,cô ta trông giống mẹ .
彼らは物質的にも精神的にも彼を支えた。,họ đã hỗ trợ cho ông cả vật chất lẫn tinh thần .
パリへの最短経路に従って,theo con đường ngắn nhất để tới Paris .
私は子供のころから冒険が好きだった。,từ thuở còn nhỏ tôi đã thích phiêu lưu .
彼女は彼が困っている時はいつでも彼を助けた。,cô ấy luôn giúp đỡ anh ta bất cứ lúc nào anh ta gặp khó khăn .
彼は本当に美しい体形だ。,anh ta có một cơ thể thật đẹp .
ケイトは傘を持って学校に行ったが、ブライアンは持っていなかった。,Kate mang dù đến trường còn Brian thì không .
彼はその薬を飲んだためにかえっていっそう病気が悪くなった。,uống thuốc xong bệnh tình anh ta ngược lại còn xấu đi nhiều .
皆が私のうっかりした間違いを責めるのです。,mọi người khiển trách sai lầm của tôi .
良い考えだね！,ý định tốt !
私たちの学校の図書館には本がたくさんある。,thư viện trường ta có rất nhiều sách .
明日天気はどうでしょうか。,thời tiết ngày mai thế nào ?
かくれんぼしよう。,chơi trốn tìm đi .
このスープの味はどうですか。,súp có ngon không ?
あなたはすぐに新しい大学生活に慣れるだろう。,bạn chắc sẽ quen với cuộc sống mới ở đại học ngay thôi .
明日授業があります。,tôi có lớp ngày mai .
君には何が起こるか分かるんじゃないかと思うけどね。,chắc bạn cũng đoán được cái gì xảy ra mà .
彼らはどこから来たの。,họ đến từ đâu vậy ?
あなたが帰国なさる頃には、桜はみんな散ってしまっていることでしょう。,lúc bạn trở về quê nhà có lẽ cũng là lúc cánh hoa anh đào rụng rơi hết .
彼の悲しい話は私の心を感動させた。,câu chuyện buồn của anh ấy khiến tôi mủi lòng .
青が好きだ。,mình thích màu xanh .
彼はその家から出てくるところを見られた。,anh ta có thể bị nhìn thấy khi ra khỏi nhà .
ありがとうございます！,cám ơn bạn nhiều nghe !
私が金のネックレスを彼女の誕生日プレゼントに買ったことはエリザベスには言わないで下さい。,xin đừng tiết lộ với Elizabeth là tôi đã mua cho cô ấy sợi dây chuyền vàng tặng sinh nhật của cô ấy nhé .
黒猫は好き？,cậu có thích mèo đen không ?
仕事中です。,tôi đang làm việc .
彼女の思考回路がまったく理解できない。,tôi hoàn toàn không thể hiểu nổi cách suy nghĩ của cô ấy .
ライオンはオオカミより強いです。,sư tử khỏe hơn chó sói .
私は６時間ごとに薬を飲まないといけない。,cứ sáu giờ tôi phải uống thuốc một lần .
授業の最後、先生は言った。「今日は良くできました。」,"cuối tiết học , giáo viên nói : "" hôm nay đủ rồi . """
洗ったあと引っ張って形にして。,xếp gọn gàng sau khi giặt xong .
僕はあまりに疲れていたので昼休みにひと眠りした。," đang lúc ăn chưa , tôi ngủ một hồi tại vì mệt quá ."
水は摂氏１００度で沸騰する。,nước sôi ở 100 độ C.
明日図書館で勉強するつもりです。,ngày mai tôi sẽ học ở thư viện .
赤外線や紫外線は、人の目には見えない光である。,tia tử ngoại và tia hồng ngoại là loại ánh sáng mắt người không nhìn thấy được .
彼は私の助言を求めた。,anh ấy xin lời khuyên của tôi .
雨はいつ降り始めましたか。,khi nào mưa vậy ?
「ありがとう。」「どういたしまして。」," cám ơn .  "" không có chi . """
時間が短いので、プログラムからスピーチの一部を省かなければならない。,thời gian không còn nhiều nên chúng ta phải cắt bớt một đoạn diễn thyết của chương trình .
彼がどこに住んでいるか正確に教えてください。,xin hãy cho tôi biết địa chỉ chính xác nơi ở của anh ấy .
「おわったの。」「それどころかまだ始めていないよ。」," xong chưa vậy ?  "" tôi còn chưa bắt đầu nữa mà . """
逃げよう。サツが来てる。,mau rời khỏi đây . cảnh sát tới bây giờ .
その少年は注目されたくて髪を染めた。,chàng trai đó đã nhuộm tóc vì muốn được chú ý .
運転免許試験に合格して彼はみんなをびっくりさせた。,việc anh ấy thi đậu bằng lái xe làm mọi người rất ngạc nhiên
彼は完全に間違っていた。,anh ta hoàn toàn sai rồi .
やった！2回続けて勝っちゃった！,hay quá ! tôi thắng hai lần liền !
今日は６月１８日で、ムーリエルの誕生日です！,"hôm nay là ngày 18 tháng sáu , và cũng là ngày sinh nhật của Muiriel !"
彼は急いで空港にいった。,anh ta gấp rút đến phi trường .
中に入れて。,cho tôi vào .
１時間以内にそこに着くでしょう。,chúng ta chắc sẽ đến được đó trong khoảng 1 tiếng .
そのドレスを着たら、尻軽な女みたいね。,mặc cái váy đó trông bạn như gái gọi ấy .
私は家に帰る途中でにわか雨にあいました。,tôi gặp phải một cơn mưa rào khi đang đường về nhà .
電気をつけてくれ。私は全く何も見えない。,thắp đèn lên đi . tôi chẳng nhìn thấy gì cả !
今年、注目している選手は誰ですか。,"năm nay , tuyển thủ đang được chú ý là ai vậy ?"
此の状況を利用すべきだ。,chúng ta nên lợi dụng tình thế này .
私は今ギターをひいています。,tôi đang chơi guitar .
森に行ったら、子供くい鬼に気をつけてください！,vào rừng phải cẩn thận coi chừng quỷ ăn thịt trẻ em !
ウサギには長い耳と短い尾がある。,thỏ có tai dài và đuôi ngắn .
その会社は高品質の製品で知られている。,công ty đó được biết đến qua các sản phẩm chất lượng cao của họ .
彼女は君を嫌っているように見える。,có vẻ như cô ấy ghét cậu .
電車が通り過ぎる時、運転士の姿がちらりとトムの目に入った。,Tom lướt thấy trường tàu khi xe lửa băng qua .
つまらない試合に飽きてきた。,tôi nản cái trận đấu nhàm chán này lắm rồi .
私は眠らなければなりません。,tôi phải đi ngủ .
ＭＰ３プレーヤーがほしい！,tôi muốn có máy MP3 !
おめでとう！,chúc mừng !
彼らはフェンスを緑色に塗った。,anh ta sơn hàng rào màu xanh lá .
私の年収は５００万円を超している。,thu nhập hàng năm của tôi hơn 5 triệu yen .
飛行機のおかげで、人は早く、長い距離を旅行できる。,nhờ vào máy bay mà con người có thể di chuyển giữa các nơi xa xôi .
ご注目下さい。,hãy chú ý !
何と言ったらいいか・・・。,tôi không biết nên nói gì cả ...
彼女は、信じられないほどに世間知らずだ。,cô ta ngây thơ đến mức khó tin .
私は彼の言う事が全然わからなかった。,tôi không hiểu chút nào những gì anh ấy nói .
あんたのせいで食欲をなくしたよ。,nhờ ơn của bạn tôi hết còn thèm ăn .
分からない言葉がたくさんある。,có nhiều chữ tôi không hiểu .
友達も家族も皆死んでしまっています。,bạn bè và người thân của tôi đã qua đời hết .
なんでいつもいつも私の邪魔ばっかするの？,tại sao quanh năm suốt tháng cứ làm phiền tôi vậy ?
君はその法案に賛成なのか反対なのか。,anh có đồng ý với đề án đó không ?
子供達の教育にはかなりの額がかかった。,tôi đã khá tốn tiền học cho bọn trẻ .
ムーリエルは２０歳になりました。,bây giờ Muiriel được 20 tuổi .
それをあなたに説明することは私には無理です。,tôi không thế nào giải nghĩa cho bạn được .
事態はわれわれの冷静な判断を必要としている。,điều quan trọng là chúng ta phải xử lý tình huống một cách bình tĩnh .
気がのらない。,bây giờ tôi không có hứng .
私は彼の息子のだれにでも会ったことがない。,tôi chưa hề gặp ai trong số những người con trai của anh ta .
ひさしぶりだね。また転職したんだって？,lâu rồi không gặp . tao nghe nói mày đã thay đổi công việc nữa hả ?
馬鹿みたい！,bạn nhìn ngốc quá .
ほぼ終わった。,tôi sắp xong rồi .
彼女はお母さんの手伝いをすべきだ。,cô ta nên phụ giúp mẹ mình .
ファストフードはもう飽きた。,tôi ngán thức ăn nhanh quá rồi .
元気そうだね。,bạn trông khỏe nhỉ .
犬はどこだろう？,con chó đâu rồi ?
私が駅を出た時、男の人を見た。,"khi tôi ra khỏi ga xe lửa , tôi gặp một gã đàn ông ."
あなたはどこの国の出身ですか。,bạn đến từ nước nào vậy ?
あなたが女の子だからよ。,cái đó tại vì bạn là đàn bà .
またいつか風のように走るんだ。,sẽ có một ngày tôi sẽ chạy nhanh như gió .
彼女は要求されたようにその名と住所を書き留めた。,cô ấy đã ghi chép tên và địa chỉ theo yêu cầu
彼女はそのことについて話したくないんだよ。,cô ấy không muốn nói về chuyện đấy .
座りなよ。,cứ ngồi nhé .
私は彼を日本で最高の現代の作曲家の一人だと評価している。,tôi đánh giá ông là một trong số các nhà soạn nhạc hiện đại nhất tại Nhật Bản .
私は何十回もそこへ行きました。,tôi đã đến đó cả chục lần .
